[{
  "_id": {
    "$oid": "6527a36b8231421640250504"
  },
  "name": "Lab Chandigarh Branch",
  "email": "MainBranch@gmail.com",
  "phone": "6284125777",
  "address": "C 203, Phase, World Tech Tower, 8B, Industrial Area, Focal Point, Sahibzada Ajit Singh Nagar, Punjab 140308",
  "city": "mohali",
  "state": "Punjab",
  "country": "India",
  "isDeleted": false,
  "createdBy": {
    "$oid": "6512ccd8488cb28128c8e710"
  },
  "__v": 0,
  "branchCode": "MOHPUB"
},
{
  "_id": {
    "$oid": "65f3d6fc99f25e26a40793e6"
  },
  "name": "Path Lab Mohali Branch",
  "email": "techbit@gmail.com",
  "phone": "9027577434",
  "address": "World tech tower",
  "city": "punjab",
  "state": "punjab",
  "country": "india",
  "isDeleted": false,
  "createdBy": {
    "$oid": "6512ccd8488cb28128c8e710"
  },
  "__v": 0,
  "branchCode": "WTTPUB"
},
{
  "_id": {
    "$oid": "6639e90e108aa3785b313e2e"
  },
  "name": "Lal Lab Zirakpur",
  "branchCode": "LLZIRA",
  "email": "llzira@yopmail.com",
  "phone": "98765432101",
  "address": "Lal Lab Zirakpur",
  "city": "Zirakpur",
  "state": "Punjab",
  "country": "India",
  "isDeleted": false,
  "createdBy": {
    "$oid": "6512ccd8488cb28128c8e710"
  },
  "__v": 0
},
{
  "_id": {
    "$oid": "6639e987108aa3785b313e35"
  },
  "name": "AK Lab Panchkula",
  "branchCode": "AKLAB",
  "email": "aklabpunchkula@yopmail.com",
  "phone": "9876543210",
  "address": "AK Lab Panchkula",
  "city": "Punchkula",
  "state": "Madhya Pradesh",
  "country": "India",
  "isDeleted": false,
  "createdBy": {
    "$oid": "6512ccd8488cb28128c8e710"
  },
  "__v": 0
}]