[{
  "_id": {
    "$oid": "64f5b1a7be69fd05bc4557d7"
  },
  "allergies": "Contrast Agent "
},
{
  "_id": {
    "$oid": "64f5b1e7be69fd05bc4557dc"
  },
  "allergies": "Latex"
},
{
  "_id": {
    "$oid": "64f5b20abe69fd05bc4557dd"
  },
  "allergies": "Medication"
},
{
  "_id": {
    "$oid": "64f5b213be69fd05bc4557de"
  },
  "allergies": "Food"
},
{
  "_id": {
    "$oid": "64f5b22cbe69fd05bc4557df"
  },
  "allergies": "Environmental"
},
{
  "_id": {
    "$oid": "64f5b243be69fd05bc4557e0"
  },
  "allergies": "Others"
}]