[{
  "_id": {
    "$oid": "64f5af75be69fd05bc4557b7"
  },
  "relation": "Father"
},
{
  "_id": {
    "$oid": "64f5af9fbe69fd05bc4557b8"
  },
  "relation": "Mother"
},
{
  "_id": {
    "$oid": "64f5afb7be69fd05bc4557b9"
  },
  "relation": "Daughter"
},
{
  "_id": {
    "$oid": "64f5afc2be69fd05bc4557ba"
  },
  "relation": "Son"
},
{
  "_id": {
    "$oid": "64f5afcfbe69fd05bc4557bb"
  },
  "relation": "Sister"
},
{
  "_id": {
    "$oid": "64f5afd7be69fd05bc4557bc"
  },
  "relation": "Brother"
},
{
  "_id": {
    "$oid": "64f5afdfbe69fd05bc4557bd"
  },
  "relation": "Husband"
},
{
  "_id": {
    "$oid": "64f5afe6be69fd05bc4557be"
  },
  "relation": "Wife"
},
{
  "_id": {
    "$oid": "64f5b007be69fd05bc4557bf"
  },
  "relation": "Grandfather"
},
{
  "_id": {
    "$oid": "64f5b014be69fd05bc4557c0"
  },
  "relation": "Grandmother"
},
{
  "_id": {
    "$oid": "64f5b02bbe69fd05bc4557c1"
  },
  "relation": "Uncle"
},
{
  "_id": {
    "$oid": "64f5b032be69fd05bc4557c2"
  },
  "relation": "Aunt"
},
{
  "_id": {
    "$oid": "64f5b03abe69fd05bc4557c3"
  },
  "relation": "Nephew"
},
{
  "_id": {
    "$oid": "64f5b04abe69fd05bc4557c4"
  },
  "relation": "Niece"
},
{
  "_id": {
    "$oid": "64f5b057be69fd05bc4557c5"
  },
  "relation": "Cousin"
},
{
  "_id": {
    "$oid": "654b1dc8ba4dbb0cd696c867"
  },
  "relation": "Friend"
}]