[{
  "_id": {
    "$oid": "651fb0d86f9b71512024759b"
  },
  "name": "Head",
  "list": [
    {
      "$oid": "651f80fa72e63c716e515486"
    },
    {
      "$oid": "651f810172e63c716e51548a"
    },
    {
      "$oid": "651f80d772e63c716e51547c"
    },
    {
      "$oid": "651f811672e63c716e515492"
    },
    {
      "$oid": "651f80f272e63c716e515482"
    },
    {
      "$oid": "651f810872e63c716e51548e"
    },
    {
      "$oid": "651fcea36ffcc22e86fa2e6e"
    }
  ],
  "isDeleted": false,
  "branchId": null,
  "updatedBy": {
    "$oid": "6512ccd8488cb28128c8e710"
  },
  "createdBy": {
    "$oid": "6512ccd8488cb28128c8e710"
  },
  "__v": 0
},
{
  "_id": {
    "$oid": "651fb7ced09e6d737f9988a1"
  },
  "name": "Face",
  "list": [
    {
      "$oid": "651fb7c2d09e6d737f998898"
    },
    {
      "$oid": "651fcea36ffcc22e86fa2e6e"
    },
    {
      "$oid": "651fcec66ffcc22e86fa2e7a"
    },
    {
      "$oid": "651fcecf6ffcc22e86fa2e80"
    },
    {
      "$oid": "651fced76ffcc22e86fa2e86"
    },
    {
      "$oid": "651fde3deef7a412ad06ba86"
    }
  ],
  "isDeleted": false,
  "branchId": null,
  "updatedBy": {
    "$oid": "6512ccd8488cb28128c8e710"
  },
  "createdBy": {
    "$oid": "6512ccd8488cb28128c8e710"
  },
  "__v": 0
},
{
  "_id": {
    "$oid": "651fe2289fa2bd780c3d105c"
  },
  "name": "Neck",
  "list": [
    {
      "$oid": "651fe1f49fa2bd780c3d1053"
    },
    {
      "$oid": "651fe1ed9fa2bd780c3d104d"
    },
    {
      "$oid": "651fe1e19fa2bd780c3d1047"
    },
    {
      "$oid": "651fe1da9fa2bd780c3d1041"
    },
    {
      "$oid": "651fe1d39fa2bd780c3d103b"
    }
  ],
  "isDeleted": false,
  "branchId": null,
  "updatedBy": {
    "$oid": "6512ccd8488cb28128c8e710"
  },
  "createdBy": {
    "$oid": "6512ccd8488cb28128c8e710"
  },
  "__v": 0
},
{
  "_id": {
    "$oid": "652032c5cba2d2f5809f383f"
  },
  "name": "Chest",
  "list": [
    {
      "$oid": "6520322ecba2d2f5809f3809"
    },
    {
      "$oid": "65203235cba2d2f5809f380f"
    },
    {
      "$oid": "6520323fcba2d2f5809f3815"
    },
    {
      "$oid": "65203245cba2d2f5809f381b"
    },
    {
      "$oid": "6520324dcba2d2f5809f3821"
    },
    {
      "$oid": "65203253cba2d2f5809f3827"
    },
    {
      "$oid": "6520325dcba2d2f5809f382d"
    },
    {
      "$oid": "65203263cba2d2f5809f3833"
    }
  ],
  "isDeleted": false,
  "branchId": null,
  "updatedBy": {
    "$oid": "6512ccd8488cb28128c8e710"
  },
  "createdBy": {
    "$oid": "6512ccd8488cb28128c8e710"
  },
  "__v": 0
},
{
  "_id": {
    "$oid": "6520333fcba2d2f5809f386d"
  },
  "name": "Heart and Great Vessels",
  "list": [
    {
      "$oid": "652032e7cba2d2f5809f3846"
    },
    {
      "$oid": "652032f4cba2d2f5809f384c"
    },
    {
      "$oid": "652032fbcba2d2f5809f3852"
    },
    {
      "$oid": "65203300cba2d2f5809f3858"
    },
    {
      "$oid": "65203308cba2d2f5809f385e"
    },
    {
      "$oid": "6520330fcba2d2f5809f3864"
    }
  ],
  "isDeleted": false,
  "branchId": null,
  "updatedBy": {
    "$oid": "6512ccd8488cb28128c8e710"
  },
  "createdBy": {
    "$oid": "6512ccd8488cb28128c8e710"
  },
  "__v": 0
},
{
  "_id": {
    "$oid": "652033a6cba2d2f5809f38a1"
  },
  "name": "Abdomen",
  "list": [
    {
      "$oid": "6520334dcba2d2f5809f3874"
    },
    {
      "$oid": "65203355cba2d2f5809f387a"
    },
    {
      "$oid": "6520335ecba2d2f5809f3880"
    },
    {
      "$oid": "65203367cba2d2f5809f3886"
    },
    {
      "$oid": "6520336ecba2d2f5809f388c"
    },
    {
      "$oid": "65203376cba2d2f5809f3892"
    },
    {
      "$oid": "6520337ecba2d2f5809f3898"
    }
  ],
  "isDeleted": false,
  "branchId": null,
  "updatedBy": {
    "$oid": "6512ccd8488cb28128c8e710"
  },
  "createdBy": {
    "$oid": "6512ccd8488cb28128c8e710"
  },
  "__v": 0
},
{
  "_id": {
    "$oid": "65203423cba2d2f5809f38ee"
  },
  "name": "Stomach and GI Tract",
  "list": [
    {
      "$oid": "652033d3cba2d2f5809f38c7"
    },
    {
      "$oid": "652033d9cba2d2f5809f38cd"
    },
    {
      "$oid": "652033e0cba2d2f5809f38d3"
    },
    {
      "$oid": "652033e7cba2d2f5809f38d9"
    },
    {
      "$oid": "652033f0cba2d2f5809f38df"
    },
    {
      "$oid": "652033f6cba2d2f5809f38e5"
    }
  ],
  "isDeleted": false,
  "branchId": null,
  "updatedBy": {
    "$oid": "6512ccd8488cb28128c8e710"
  },
  "createdBy": {
    "$oid": "6512ccd8488cb28128c8e710"
  },
  "__v": 0
},
{
  "_id": {
    "$oid": "6520347ecba2d2f5809f391c"
  },
  "name": "Pelvis",
  "list": [
    {
      "$oid": "65203436cba2d2f5809f38f5"
    },
    {
      "$oid": "6520343ccba2d2f5809f38fb"
    },
    {
      "$oid": "65203443cba2d2f5809f3901"
    },
    {
      "$oid": "65203449cba2d2f5809f3907"
    },
    {
      "$oid": "65203450cba2d2f5809f390d"
    },
    {
      "$oid": "65203456cba2d2f5809f3913"
    }
  ],
  "isDeleted": false,
  "branchId": null,
  "updatedBy": {
    "$oid": "6512ccd8488cb28128c8e710"
  },
  "createdBy": {
    "$oid": "6512ccd8488cb28128c8e710"
  },
  "__v": 0
},
{
  "_id": {
    "$oid": "652652ae6e0a8878c599df95"
  },
  "name": "Cervical Spine",
  "list": [
    {
      "$oid": "6526501f161e4eda13ac9e45"
    },
    {
      "$oid": "6526504d161e4eda13ac9e60"
    },
    {
      "$oid": "65265036161e4eda13ac9e57"
    },
    {
      "$oid": "65265065161e4eda13ac9e6a"
    },
    {
      "$oid": "6526502b161e4eda13ac9e4e"
    }
  ],
  "isDeleted": false,
  "branchId": null,
  "updatedBy": {
    "$oid": "6512ccd8488cb28128c8e710"
  },
  "createdBy": {
    "$oid": "6512ccd8488cb28128c8e710"
  },
  "__v": 0
},
{
  "_id": {
    "$oid": "652652c86e0a8878c599dfa7"
  },
  "name": "Thoracic Spine",
  "list": [
    {
      "$oid": "6526507b161e4eda13ac9e73"
    },
    {
      "$oid": "6526508e161e4eda13ac9e85"
    },
    {
      "$oid": "652650c6161e4eda13ac9e97"
    },
    {
      "$oid": "6526513d161e4eda13ac9ea9"
    },
    {
      "$oid": "65265156161e4eda13ac9ebb"
    }
  ],
  "isDeleted": false,
  "branchId": null,
  "updatedBy": {
    "$oid": "6512ccd8488cb28128c8e710"
  },
  "createdBy": {
    "$oid": "6512ccd8488cb28128c8e710"
  },
  "__v": 0
},
{
  "_id": {
    "$oid": "652652e06e0a8878c599dfbd"
  },
  "name": "Lumbar Spine",
  "list": [
    {
      "$oid": "65265081161e4eda13ac9e7c"
    },
    {
      "$oid": "652650b9161e4eda13ac9e8e"
    },
    {
      "$oid": "65265143161e4eda13ac9eb2"
    },
    {
      "$oid": "652650e9161e4eda13ac9ea0"
    },
    {
      "$oid": "6526515d161e4eda13ac9ec4"
    }
  ],
  "isDeleted": false,
  "branchId": null,
  "updatedBy": {
    "$oid": "6512ccd8488cb28128c8e710"
  },
  "createdBy": {
    "$oid": "6512ccd8488cb28128c8e710"
  },
  "__v": 0
},
{
  "_id": {
    "$oid": "6526c87d394444db0d6f23c4"
  },
  "name": "Left Shoulder",
  "list": [
    {
      "$oid": "6526c4eaca4fc5ebbe154847"
    },
    {
      "$oid": "6526c4f4ca4fc5ebbe154850"
    },
    {
      "$oid": "6526c4fcca4fc5ebbe154859"
    },
    {
      "$oid": "6526c50fca4fc5ebbe154862"
    },
    {
      "$oid": "6526c615394444db0d6f222c"
    }
  ],
  "isDeleted": false,
  "branchId": null,
  "updatedBy": {
    "$oid": "6512ccd8488cb28128c8e710"
  },
  "createdBy": {
    "$oid": "6512ccd8488cb28128c8e710"
  },
  "__v": 0
},
{
  "_id": {
    "$oid": "6526c88c394444db0d6f23d4"
  },
  "name": "Right Shoulder",
  "list": [
    {
      "$oid": "6526c62c394444db0d6f2235"
    },
    {
      "$oid": "6526c633394444db0d6f223e"
    },
    {
      "$oid": "6526c640394444db0d6f2247"
    },
    {
      "$oid": "6526c648394444db0d6f2250"
    },
    {
      "$oid": "6526c650394444db0d6f2259"
    }
  ],
  "isDeleted": false,
  "branchId": null,
  "updatedBy": {
    "$oid": "6512ccd8488cb28128c8e710"
  },
  "createdBy": {
    "$oid": "6512ccd8488cb28128c8e710"
  },
  "__v": 0
},
{
  "_id": {
    "$oid": "6526c8a5394444db0d6f23e4"
  },
  "name": "Left Arm",
  "list": [
    {
      "$oid": "6526c705394444db0d6f226a"
    },
    {
      "$oid": "6526c70a394444db0d6f2273"
    },
    {
      "$oid": "6526c715394444db0d6f2285"
    },
    {
      "$oid": "6526c710394444db0d6f227c"
    },
    {
      "$oid": "6526c71c394444db0d6f228e"
    }
  ],
  "isDeleted": false,
  "branchId": null,
  "updatedBy": {
    "$oid": "6512ccd8488cb28128c8e710"
  },
  "createdBy": {
    "$oid": "6512ccd8488cb28128c8e710"
  },
  "__v": 0
},
{
  "_id": {
    "$oid": "6526c8cd394444db0d6f23f4"
  },
  "name": "Right Arm",
  "list": [
    {
      "$oid": "6526c74a394444db0d6f2297"
    },
    {
      "$oid": "6526c74f394444db0d6f22a0"
    },
    {
      "$oid": "6526c759394444db0d6f22a9"
    },
    {
      "$oid": "6526c75f394444db0d6f22b2"
    },
    {
      "$oid": "6526c764394444db0d6f22bb"
    }
  ],
  "isDeleted": false,
  "branchId": null,
  "updatedBy": {
    "$oid": "6512ccd8488cb28128c8e710"
  },
  "createdBy": {
    "$oid": "6512ccd8488cb28128c8e710"
  },
  "__v": 0
},
{
  "_id": {
    "$oid": "6526c8dc394444db0d6f2404"
  },
  "name": "Left Elbow",
  "list": [
    {
      "$oid": "6526c76a394444db0d6f22c4"
    },
    {
      "$oid": "6526c770394444db0d6f22cd"
    },
    {
      "$oid": "6526c776394444db0d6f22d6"
    },
    {
      "$oid": "6526c77b394444db0d6f22df"
    },
    {
      "$oid": "6526c782394444db0d6f22e8"
    }
  ],
  "isDeleted": false,
  "branchId": null,
  "updatedBy": {
    "$oid": "6512ccd8488cb28128c8e710"
  },
  "createdBy": {
    "$oid": "6512ccd8488cb28128c8e710"
  },
  "__v": 0
},
{
  "_id": {
    "$oid": "6526c8e8394444db0d6f2414"
  },
  "name": "Right Elbow",
  "list": [
    {
      "$oid": "6526c787394444db0d6f22f1"
    },
    {
      "$oid": "6526c793394444db0d6f2303"
    },
    {
      "$oid": "6526c78d394444db0d6f22fa"
    },
    {
      "$oid": "6526c79e394444db0d6f2315"
    },
    {
      "$oid": "6526c799394444db0d6f230c"
    }
  ],
  "isDeleted": false,
  "branchId": null,
  "updatedBy": {
    "$oid": "6512ccd8488cb28128c8e710"
  },
  "createdBy": {
    "$oid": "6512ccd8488cb28128c8e710"
  },
  "__v": 0
},
{
  "_id": {
    "$oid": "6526c8f8394444db0d6f2424"
  },
  "name": "Left Wrist",
  "list": [
    {
      "$oid": "6526c7a5394444db0d6f231e"
    },
    {
      "$oid": "6526c7ad394444db0d6f2327"
    },
    {
      "$oid": "6526c7b2394444db0d6f2330"
    },
    {
      "$oid": "6526c7b8394444db0d6f2339"
    },
    {
      "$oid": "6526c7be394444db0d6f2342"
    }
  ],
  "isDeleted": false,
  "branchId": null,
  "updatedBy": {
    "$oid": "6512ccd8488cb28128c8e710"
  },
  "createdBy": {
    "$oid": "6512ccd8488cb28128c8e710"
  },
  "__v": 0
},
{
  "_id": {
    "$oid": "6526c905394444db0d6f2434"
  },
  "name": "Right Wrist",
  "list": [
    {
      "$oid": "6526c7c7394444db0d6f234b"
    },
    {
      "$oid": "6526c7cd394444db0d6f2354"
    },
    {
      "$oid": "6526c7d4394444db0d6f235d"
    },
    {
      "$oid": "6526c7d9394444db0d6f2366"
    },
    {
      "$oid": "6526c7df394444db0d6f236f"
    }
  ],
  "isDeleted": false,
  "branchId": null,
  "updatedBy": {
    "$oid": "6512ccd8488cb28128c8e710"
  },
  "createdBy": {
    "$oid": "6512ccd8488cb28128c8e710"
  },
  "__v": 0
},
{
  "_id": {
    "$oid": "6526c9df394444db0d6f24d4"
  },
  "name": "Left Hand",
  "list": [
    {
      "$oid": "6526c99d394444db0d6f246e"
    },
    {
      "$oid": "6526c9a2394444db0d6f2477"
    },
    {
      "$oid": "6526c9ad394444db0d6f2489"
    },
    {
      "$oid": "6526c9a8394444db0d6f2480"
    },
    {
      "$oid": "6526c9b5394444db0d6f2492"
    }
  ],
  "isDeleted": false,
  "branchId": null,
  "updatedBy": {
    "$oid": "6512ccd8488cb28128c8e710"
  },
  "createdBy": {
    "$oid": "6512ccd8488cb28128c8e710"
  },
  "__v": 0
},
{
  "_id": {
    "$oid": "6526c9f0394444db0d6f24e4"
  },
  "name": "Right Hand",
  "list": [
    {
      "$oid": "6526c9ba394444db0d6f249b"
    },
    {
      "$oid": "6526c9c0394444db0d6f24a4"
    },
    {
      "$oid": "6526c9c5394444db0d6f24ad"
    },
    {
      "$oid": "6526c9cc394444db0d6f24b6"
    },
    {
      "$oid": "6526c9d1394444db0d6f24bf"
    }
  ],
  "isDeleted": false,
  "branchId": null,
  "updatedBy": {
    "$oid": "6512ccd8488cb28128c8e710"
  },
  "createdBy": {
    "$oid": "6512ccd8488cb28128c8e710"
  },
  "__v": 0
},
{
  "_id": {
    "$oid": "6526cb48394444db0d6f25cc"
  },
  "name": "Left Hip",
  "list": [
    {
      "$oid": "6526cabb394444db0d6f24ee"
    },
    {
      "$oid": "6526cac1394444db0d6f24f7"
    },
    {
      "$oid": "6526cac7394444db0d6f2500"
    },
    {
      "$oid": "6526cacc394444db0d6f2509"
    },
    {
      "$oid": "6526cad1394444db0d6f2512"
    },
    {
      "$oid": "6526cad7394444db0d6f251b"
    }
  ],
  "isDeleted": false,
  "branchId": null,
  "updatedBy": {
    "$oid": "6512ccd8488cb28128c8e710"
  },
  "createdBy": {
    "$oid": "6512ccd8488cb28128c8e710"
  },
  "__v": 0
},
{
  "_id": {
    "$oid": "6526cb5a394444db0d6f25dc"
  },
  "name": "Right Hip",
  "list": [
    {
      "$oid": "6526cade394444db0d6f2524"
    },
    {
      "$oid": "6526cae2394444db0d6f252d"
    },
    {
      "$oid": "6526cae9394444db0d6f2536"
    },
    {
      "$oid": "6526caed394444db0d6f253f"
    },
    {
      "$oid": "6526caf3394444db0d6f2548"
    },
    {
      "$oid": "6526caf8394444db0d6f2551"
    }
  ],
  "isDeleted": false,
  "branchId": null,
  "updatedBy": {
    "$oid": "6512ccd8488cb28128c8e710"
  },
  "createdBy": {
    "$oid": "6512ccd8488cb28128c8e710"
  },
  "__v": 0
},
{
  "_id": {
    "$oid": "6526cc87394444db0d6f2679"
  },
  "name": "Left Thigh",
  "list": [
    {
      "$oid": "6526cafe394444db0d6f255a"
    },
    {
      "$oid": "6526cb03394444db0d6f2563"
    },
    {
      "$oid": "6526cb0a394444db0d6f256c"
    },
    {
      "$oid": "6526cb10394444db0d6f2575"
    },
    {
      "$oid": "6526cb16394444db0d6f257e"
    },
    {
      "$oid": "6526cb1a394444db0d6f2587"
    }
  ],
  "isDeleted": false,
  "branchId": null,
  "updatedBy": {
    "$oid": "6512ccd8488cb28128c8e710"
  },
  "createdBy": {
    "$oid": "6512ccd8488cb28128c8e710"
  },
  "__v": 0
},
{
  "_id": {
    "$oid": "6526cc96394444db0d6f2689"
  },
  "name": "Right Thigh",
  "list": [
    {
      "$oid": "6526cb20394444db0d6f2590"
    },
    {
      "$oid": "6526cb25394444db0d6f2599"
    },
    {
      "$oid": "6526cb2a394444db0d6f25a2"
    },
    {
      "$oid": "6526cb2f394444db0d6f25ab"
    },
    {
      "$oid": "6526cb35394444db0d6f25b4"
    },
    {
      "$oid": "6526cb3a394444db0d6f25bd"
    }
  ],
  "isDeleted": false,
  "branchId": null,
  "updatedBy": {
    "$oid": "6512ccd8488cb28128c8e710"
  },
  "createdBy": {
    "$oid": "6512ccd8488cb28128c8e710"
  },
  "__v": 0
},
{
  "_id": {
    "$oid": "6526cf25394444db0d6f281f"
  },
  "name": "Left Knee",
  "list": [
    {
      "$oid": "6526ccb2394444db0d6f2699"
    },
    {
      "$oid": "6526ccb7394444db0d6f26a2"
    },
    {
      "$oid": "6526ccbe394444db0d6f26ab"
    },
    {
      "$oid": "6526ccc5394444db0d6f26b4"
    },
    {
      "$oid": "6526ccca394444db0d6f26bd"
    },
    {
      "$oid": "6526ccd2394444db0d6f26c6"
    }
  ],
  "isDeleted": false,
  "branchId": null,
  "updatedBy": {
    "$oid": "6512ccd8488cb28128c8e710"
  },
  "createdBy": {
    "$oid": "6512ccd8488cb28128c8e710"
  },
  "__v": 0
},
{
  "_id": {
    "$oid": "6526cf43394444db0d6f2830"
  },
  "name": "Right Knee",
  "list": [
    {
      "$oid": "6526ccd8394444db0d6f26cf"
    },
    {
      "$oid": "6526ccdf394444db0d6f26d8"
    },
    {
      "$oid": "6526cce4394444db0d6f26e1"
    },
    {
      "$oid": "6526cceb394444db0d6f26ea"
    },
    {
      "$oid": "6526ccf0394444db0d6f26f3"
    },
    {
      "$oid": "6526ccf6394444db0d6f26fc"
    }
  ],
  "isDeleted": false,
  "branchId": null,
  "updatedBy": {
    "$oid": "6512ccd8488cb28128c8e710"
  },
  "createdBy": {
    "$oid": "6512ccd8488cb28128c8e710"
  },
  "__v": 0
},
{
  "_id": {
    "$oid": "6526cf5a394444db0d6f2840"
  },
  "name": "Left Ankle",
  "list": [
    {
      "$oid": "6526ccff394444db0d6f2705"
    },
    {
      "$oid": "6526cd04394444db0d6f270e"
    },
    {
      "$oid": "6526cd0b394444db0d6f2717"
    },
    {
      "$oid": "6526cd13394444db0d6f2720"
    },
    {
      "$oid": "6526cd19394444db0d6f2729"
    },
    {
      "$oid": "6526cd25394444db0d6f2739"
    }
  ],
  "isDeleted": false,
  "branchId": null,
  "updatedBy": {
    "$oid": "6512ccd8488cb28128c8e710"
  },
  "createdBy": {
    "$oid": "6512ccd8488cb28128c8e710"
  },
  "__v": 0
},
{
  "_id": {
    "$oid": "6526cf6c394444db0d6f2853"
  },
  "name": "Right Ankle",
  "list": [
    {
      "$oid": "6526cd2a394444db0d6f2742"
    },
    {
      "$oid": "6526cd30394444db0d6f274b"
    },
    {
      "$oid": "6526cd35394444db0d6f2754"
    },
    {
      "$oid": "6526cd3b394444db0d6f275d"
    },
    {
      "$oid": "6526cd42394444db0d6f2766"
    },
    {
      "$oid": "6526cd50394444db0d6f276f"
    }
  ],
  "isDeleted": false,
  "branchId": null,
  "updatedBy": {
    "$oid": "6512ccd8488cb28128c8e710"
  },
  "createdBy": {
    "$oid": "6512ccd8488cb28128c8e710"
  },
  "__v": 0
},
{
  "_id": {
    "$oid": "6526cfbc394444db0d6f286f"
  },
  "name": "Left Foot",
  "list": [
    {
      "$oid": "6526ce01394444db0d6f278d"
    },
    {
      "$oid": "6526ce06394444db0d6f2796"
    },
    {
      "$oid": "6526ce0a394444db0d6f279f"
    },
    {
      "$oid": "6526ce11394444db0d6f27a8"
    },
    {
      "$oid": "6526ce16394444db0d6f27b1"
    },
    {
      "$oid": "6526ce1d394444db0d6f27ba"
    }
  ],
  "isDeleted": false,
  "branchId": null,
  "updatedBy": {
    "$oid": "6512ccd8488cb28128c8e710"
  },
  "createdBy": {
    "$oid": "6512ccd8488cb28128c8e710"
  },
  "__v": 0
},
{
  "_id": {
    "$oid": "6526cfc7394444db0d6f287f"
  },
  "name": "Right Foot",
  "list": [
    {
      "$oid": "6526ce22394444db0d6f27c3"
    },
    {
      "$oid": "6526ce27394444db0d6f27cc"
    },
    {
      "$oid": "6526ce2b394444db0d6f27d5"
    },
    {
      "$oid": "6526ce31394444db0d6f27de"
    },
    {
      "$oid": "6526ce36394444db0d6f27e7"
    },
    {
      "$oid": "6526ce3b394444db0d6f27f0"
    }
  ],
  "isDeleted": false,
  "branchId": null,
  "updatedBy": {
    "$oid": "6512ccd8488cb28128c8e710"
  },
  "createdBy": {
    "$oid": "6512ccd8488cb28128c8e710"
  },
  "__v": 0
},
{
  "_id": {
    "$oid": "6613e6b8dd1b7bcb93dbdd16"
  },
  "name": "Test group",
  "list": [
    {
      "$oid": "651f810872e63c716e51548e"
    },
    {
      "$oid": "651f811672e63c716e515492"
    },
    {
      "$oid": "651fb7c2d09e6d737f998898"
    }
  ],
  "isDeleted": true,
  "branchId": {
    "$oid": "6527a36b8231421640250504"
  },
  "updatedBy": {
    "$oid": "6512ccd8488cb28128c8e710"
  },
  "createdBy": {
    "$oid": "6512ccd8488cb28128c8e710"
  },
  "__v": 0
}]