[{
  "_id": {
    "$oid": "651f80d772e63c716e51547c"
  },
  "name": "MRI Brain",
  "isDeleted": false,
  "branchId": null,
  "updatedBy": {
    "$oid": "6512ccd8488cb28128c8e710"
  },
  "createdBy": {
    "$oid": "6512ccd8488cb28128c8e710"
  },
  "__v": 0,
  "group": {
    "$oid": "651fb0d86f9b71512024759b"
  },
  "modality": [
    {
      "decription": "Magnetic Resonance",
      "term": "MR",
      "_id": {
        "$oid": "6627a3e210bc18bf0f510883"
      }
    }
  ],
  "modalityDescription": "Magnetic Resonance"
},
{
  "_id": {
    "$oid": "651f80f272e63c716e515482"
  },
  "name": "CT Head",
  "isDeleted": false,
  "branchId": null,
  "updatedBy": {
    "$oid": "6512ccd8488cb28128c8e710"
  },
  "createdBy": {
    "$oid": "6512ccd8488cb28128c8e710"
  },
  "__v": 0,
  "group": {
    "$oid": "651fb0d86f9b71512024759b"
  },
  "modality": [
    {
      "decription": "Computed Tomography",
      "term": "CT",
      "_id": {
        "$oid": "662798aa10bc18bf0f51079a"
      }
    }
  ],
  "modalityDescription": "Computed Tomography"
},
{
  "_id": {
    "$oid": "651f80fa72e63c716e515486"
  },
  "name": "PET Brain",
  "isDeleted": false,
  "branchId": null,
  "updatedBy": {
    "$oid": "6512ccd8488cb28128c8e710"
  },
  "createdBy": {
    "$oid": "6512ccd8488cb28128c8e710"
  },
  "__v": 0,
  "group": {
    "$oid": "651fb0d86f9b71512024759b"
  },
  "modality": [
    {
      "decription": "Positron emission tomography (PET)",
      "term": "PT",
      "_id": {
        "$oid": "6627a8b110bc18bf0f5108f7"
      }
    }
  ],
  "modalityDescription": "Positron emission tomography (PET)"
},
{
  "_id": {
    "$oid": "651f810172e63c716e51548a"
  },
  "name": "Cerebral Angiography",
  "isDeleted": false,
  "branchId": null,
  "updatedBy": {
    "$oid": "6512ccd8488cb28128c8e710"
  },
  "createdBy": {
    "$oid": "6512ccd8488cb28128c8e710"
  },
  "__v": 0,
  "group": {
    "$oid": "651fb0d86f9b71512024759b"
  },
  "modality": [
    {
      "decription": "X-Ray Angiography",
      "term": "XA",
      "_id": {
        "$oid": "6627acfd10bc18bf0f5109aa"
      }
    }
  ]
},
{
  "_id": {
    "$oid": "651f810872e63c716e51548e"
  },
  "name": "SPECT Scan",
  "isDeleted": false,
  "branchId": null,
  "updatedBy": {
    "$oid": "6512ccd8488cb28128c8e710"
  },
  "createdBy": {
    "$oid": "6512ccd8488cb28128c8e710"
  },
  "__v": 0,
  "group": {
    "$oid": "651fb0d86f9b71512024759b"
  },
  "modality": [
    {
      "decription": "Nuclear Medicine",
      "term": "NM",
      "_id": {
        "$oid": "6627a40010bc18bf0f510891"
      }
    }
  ]
},
{
  "_id": {
    "$oid": "651f811672e63c716e515492"
  },
  "name": "Skull X-ray",
  "isDeleted": false,
  "branchId": null,
  "updatedBy": {
    "$oid": "6512ccd8488cb28128c8e710"
  },
  "createdBy": {
    "$oid": "6512ccd8488cb28128c8e710"
  },
  "__v": 0,
  "group": {
    "$oid": "651fb0d86f9b71512024759b"
  },
  "modality": [
    {
      "decription": "Digital Radiography",
      "term": "DX",
      "_id": {
        "$oid": "6627a01110bc18bf0f5107f5"
      }
    },
    {
      "decription": "Computed Radiography",
      "term": "CR",
      "_id": {
        "$oid": "6627989810bc18bf0f510793"
      }
    }
  ]
},
{
  "_id": {
    "$oid": "651fb7c2d09e6d737f998898"
  },
  "name": "Facial X-ray",
  "isDeleted": false,
  "branchId": null,
  "updatedBy": {
    "$oid": "6512ccd8488cb28128c8e710"
  },
  "createdBy": {
    "$oid": "6512ccd8488cb28128c8e710"
  },
  "__v": 0,
  "group": {
    "$oid": "651fb7ced09e6d737f9988a1"
  },
  "modality": [
    {
      "decription": "Digital Radiography",
      "term": "DX",
      "_id": {
        "$oid": "6627a01110bc18bf0f5107f5"
      }
    },
    {
      "decription": "Computed Radiography",
      "term": "CR",
      "_id": {
        "$oid": "6627989810bc18bf0f510793"
      }
    }
  ]
},
{
  "_id": {
    "$oid": "651fcea36ffcc22e86fa2e6e"
  },
  "name": "CT Maxillofacial",
  "isDeleted": false,
  "branchId": null,
  "updatedBy": {
    "$oid": "6512ccd8488cb28128c8e710"
  },
  "createdBy": {
    "$oid": "6512ccd8488cb28128c8e710"
  },
  "__v": 0,
  "group": {
    "$oid": "651fb7ced09e6d737f9988a1"
  },
  "modality": [
    {
      "decription": "Computed Tomography",
      "term": "CT",
      "_id": {
        "$oid": "662798aa10bc18bf0f51079a"
      }
    }
  ]
},
{
  "_id": {
    "$oid": "651fcec66ffcc22e86fa2e7a"
  },
  "name": "MRI Face",
  "isDeleted": false,
  "branchId": null,
  "updatedBy": {
    "$oid": "6512ccd8488cb28128c8e710"
  },
  "createdBy": {
    "$oid": "6512ccd8488cb28128c8e710"
  },
  "__v": 0,
  "group": {
    "$oid": "651fb7ced09e6d737f9988a1"
  },
  "modality": [
    {
      "decription": "Magnetic Resonance",
      "term": "MR",
      "_id": {
        "$oid": "6627a3e210bc18bf0f510883"
      }
    }
  ]
},
{
  "_id": {
    "$oid": "651fcecf6ffcc22e86fa2e80"
  },
  "name": "Dental X-ray (Panoramic)",
  "isDeleted": false,
  "branchId": null,
  "updatedBy": {
    "$oid": "6512ccd8488cb28128c8e710"
  },
  "createdBy": {
    "$oid": "6512ccd8488cb28128c8e710"
  },
  "__v": 0,
  "group": {
    "$oid": "651fb7ced09e6d737f9988a1"
  },
  "modality": [
    {
      "decription": "Panoramic X-Ray",
      "term": "PX",
      "_id": {
        "$oid": "6627a8c210bc18bf0f5108fe"
      }
    }
  ]
},
{
  "_id": {
    "$oid": "651fced76ffcc22e86fa2e86"
  },
  "name": "Dental X-ray (Bitewing)",
  "isDeleted": false,
  "branchId": null,
  "updatedBy": {
    "$oid": "6512ccd8488cb28128c8e710"
  },
  "createdBy": {
    "$oid": "6512ccd8488cb28128c8e710"
  },
  "__v": 0,
  "group": {
    "$oid": "651fb7ced09e6d737f9988a1"
  },
  "modality": [
    {
      "decription": "Digital Radiography",
      "term": "DX",
      "_id": {
        "$oid": "6627a01110bc18bf0f5107f5"
      }
    },
    {
      "decription": "Computed Radiography",
      "term": "CR",
      "_id": {
        "$oid": "6627989810bc18bf0f510793"
      }
    }
  ]
},
{
  "_id": {
    "$oid": "651fde3deef7a412ad06ba86"
  },
  "name": "Dental X-ray (Periapical)",
  "isDeleted": false,
  "branchId": null,
  "updatedBy": {
    "$oid": "6512ccd8488cb28128c8e710"
  },
  "createdBy": {
    "$oid": "6512ccd8488cb28128c8e710"
  },
  "__v": 0,
  "group": {
    "$oid": "651fb7ced09e6d737f9988a1"
  },
  "modality": [
    {
      "decription": "Intra-Oral Radiography",
      "term": "IO",
      "_id": {
        "$oid": "6627a0cc10bc18bf0f510842"
      }
    }
  ]
},
{
  "_id": {
    "$oid": "651fe1d39fa2bd780c3d103b"
  },
  "name": "Ultrasound Neck",
  "isDeleted": false,
  "branchId": null,
  "updatedBy": {
    "$oid": "6512ccd8488cb28128c8e710"
  },
  "createdBy": {
    "$oid": "6512ccd8488cb28128c8e710"
  },
  "__v": 0,
  "group": {
    "$oid": "651fe2289fa2bd780c3d105c"
  },
  "modality": [
    {
      "decription": "Ultrasound",
      "term": "US",
      "_id": {
        "$oid": "6627acda10bc18bf0f51099c"
      }
    }
  ]
},
{
  "_id": {
    "$oid": "651fe1da9fa2bd780c3d1041"
  },
  "name": "CT Neck",
  "isDeleted": false,
  "branchId": null,
  "updatedBy": {
    "$oid": "6512ccd8488cb28128c8e710"
  },
  "createdBy": {
    "$oid": "6512ccd8488cb28128c8e710"
  },
  "__v": 0,
  "group": {
    "$oid": "651fe2289fa2bd780c3d105c"
  },
  "modality": [
    {
      "decription": "Computed Tomography",
      "term": "CT",
      "_id": {
        "$oid": "662798aa10bc18bf0f51079a"
      }
    }
  ]
},
{
  "_id": {
    "$oid": "651fe1e19fa2bd780c3d1047"
  },
  "name": "MRI Neck",
  "isDeleted": false,
  "branchId": null,
  "updatedBy": {
    "$oid": "6512ccd8488cb28128c8e710"
  },
  "createdBy": {
    "$oid": "6512ccd8488cb28128c8e710"
  },
  "__v": 0,
  "group": {
    "$oid": "651fe2289fa2bd780c3d105c"
  },
  "modality": [
    {
      "decription": "Magnetic Resonance",
      "term": "MR",
      "_id": {
        "$oid": "6627a3e210bc18bf0f510883"
      }
    }
  ]
},
{
  "_id": {
    "$oid": "651fe1ed9fa2bd780c3d104d"
  },
  "name": "Thyroid Scan",
  "isDeleted": false,
  "branchId": null,
  "updatedBy": {
    "$oid": "6512ccd8488cb28128c8e710"
  },
  "createdBy": {
    "$oid": "6512ccd8488cb28128c8e710"
  },
  "__v": 0,
  "group": {
    "$oid": "651fe2289fa2bd780c3d105c"
  }
},
{
  "_id": {
    "$oid": "651fe1f49fa2bd780c3d1053"
  },
  "name": "Carotid Doppler",
  "isDeleted": false,
  "branchId": null,
  "updatedBy": {
    "$oid": "6512ccd8488cb28128c8e710"
  },
  "createdBy": {
    "$oid": "6512ccd8488cb28128c8e710"
  },
  "__v": 0,
  "group": {
    "$oid": "651fe2289fa2bd780c3d105c"
  },
  "modality": [
    {
      "decription": "Ultrasound",
      "term": "US",
      "_id": {
        "$oid": "6627acda10bc18bf0f51099c"
      }
    }
  ]
},
{
  "_id": {
    "$oid": "6520322ecba2d2f5809f3809"
  },
  "name": "Chest X-ray (PA)",
  "isDeleted": false,
  "branchId": null,
  "updatedBy": {
    "$oid": "6512ccd8488cb28128c8e710"
  },
  "createdBy": {
    "$oid": "6512ccd8488cb28128c8e710"
  },
  "__v": 0,
  "group": {
    "$oid": "652032c5cba2d2f5809f383f"
  }
},
{
  "_id": {
    "$oid": "65203235cba2d2f5809f380f"
  },
  "name": "Chest X-ray (Lateral)",
  "isDeleted": false,
  "branchId": null,
  "updatedBy": {
    "$oid": "6512ccd8488cb28128c8e710"
  },
  "createdBy": {
    "$oid": "6512ccd8488cb28128c8e710"
  },
  "__v": 0,
  "group": {
    "$oid": "652032c5cba2d2f5809f383f"
  }
},
{
  "_id": {
    "$oid": "6520323fcba2d2f5809f3815"
  },
  "name": "CT Chest",
  "isDeleted": false,
  "branchId": null,
  "updatedBy": {
    "$oid": "6512ccd8488cb28128c8e710"
  },
  "createdBy": {
    "$oid": "6512ccd8488cb28128c8e710"
  },
  "__v": 0,
  "group": {
    "$oid": "652032c5cba2d2f5809f383f"
  }
},
{
  "_id": {
    "$oid": "65203245cba2d2f5809f381b"
  },
  "name": "MRI Chest",
  "isDeleted": false,
  "branchId": null,
  "updatedBy": {
    "$oid": "6512ccd8488cb28128c8e710"
  },
  "createdBy": {
    "$oid": "6512ccd8488cb28128c8e710"
  },
  "__v": 0,
  "group": {
    "$oid": "652032c5cba2d2f5809f383f"
  },
  "modality": [
    {
      "decription": "Magnetic Resonance",
      "term": "MR",
      "_id": {
        "$oid": "6627a3e210bc18bf0f510883"
      }
    }
  ]
},
{
  "_id": {
    "$oid": "6520324dcba2d2f5809f3821"
  },
  "name": "PET-CT Chest",
  "isDeleted": false,
  "branchId": null,
  "updatedBy": {
    "$oid": "6512ccd8488cb28128c8e710"
  },
  "createdBy": {
    "$oid": "6512ccd8488cb28128c8e710"
  },
  "__v": 0,
  "group": {
    "$oid": "652032c5cba2d2f5809f383f"
  },
  "modality": [
    {
      "decription": "Positron emission tomography (PET)",
      "term": "PT",
      "_id": {
        "$oid": "6627a8b110bc18bf0f5108f7"
      }
    }
  ]
},
{
  "_id": {
    "$oid": "65203253cba2d2f5809f3827"
  },
  "name": "Mammography",
  "isDeleted": false,
  "branchId": null,
  "updatedBy": {
    "$oid": "6512ccd8488cb28128c8e710"
  },
  "createdBy": {
    "$oid": "6512ccd8488cb28128c8e710"
  },
  "__v": 0,
  "group": {
    "$oid": "652032c5cba2d2f5809f383f"
  }
},
{
  "_id": {
    "$oid": "6520325dcba2d2f5809f382d"
  },
  "name": "Breast MRI",
  "isDeleted": false,
  "branchId": null,
  "updatedBy": {
    "$oid": "6512ccd8488cb28128c8e710"
  },
  "createdBy": {
    "$oid": "6512ccd8488cb28128c8e710"
  },
  "__v": 0,
  "group": {
    "$oid": "652032c5cba2d2f5809f383f"
  },
  "modality": [
    {
      "decription": "Magnetic Resonance",
      "term": "MR",
      "_id": {
        "$oid": "6627a3e210bc18bf0f510883"
      }
    }
  ]
},
{
  "_id": {
    "$oid": "65203263cba2d2f5809f3833"
  },
  "name": "Breast Ultrasound",
  "isDeleted": false,
  "branchId": null,
  "updatedBy": {
    "$oid": "6512ccd8488cb28128c8e710"
  },
  "createdBy": {
    "$oid": "6512ccd8488cb28128c8e710"
  },
  "__v": 0,
  "group": {
    "$oid": "652032c5cba2d2f5809f383f"
  },
  "modality": [
    {
      "decription": "Ultrasound",
      "term": "US",
      "_id": {
        "$oid": "6627acda10bc18bf0f51099c"
      }
    }
  ]
},
{
  "_id": {
    "$oid": "652032e7cba2d2f5809f3846"
  },
  "name": "Echocardiogram",
  "isDeleted": false,
  "branchId": null,
  "updatedBy": {
    "$oid": "6512ccd8488cb28128c8e710"
  },
  "createdBy": {
    "$oid": "6512ccd8488cb28128c8e710"
  },
  "__v": 0,
  "group": {
    "$oid": "6520333fcba2d2f5809f386d"
  },
  "modality": [
    {
      "decription": "Ultrasound",
      "term": "US",
      "_id": {
        "$oid": "6627acda10bc18bf0f51099c"
      }
    },
    {
      "decription": "Electrocardiography",
      "term": "ECG",
      "_id": {
        "$oid": "6627a02510bc18bf0f5107fc"
      }
    }
  ]
},
{
  "_id": {
    "$oid": "652032f4cba2d2f5809f384c"
  },
  "name": "Cardiac MRI",
  "isDeleted": false,
  "branchId": null,
  "updatedBy": {
    "$oid": "6512ccd8488cb28128c8e710"
  },
  "createdBy": {
    "$oid": "6512ccd8488cb28128c8e710"
  },
  "__v": 0,
  "group": {
    "$oid": "6520333fcba2d2f5809f386d"
  },
  "modality": [
    {
      "decription": "Magnetic Resonance",
      "term": "MR",
      "_id": {
        "$oid": "6627a3e210bc18bf0f510883"
      }
    }
  ]
},
{
  "_id": {
    "$oid": "652032fbcba2d2f5809f3852"
  },
  "name": "Cardiac CT",
  "isDeleted": false,
  "branchId": null,
  "updatedBy": {
    "$oid": "6512ccd8488cb28128c8e710"
  },
  "createdBy": {
    "$oid": "6512ccd8488cb28128c8e710"
  },
  "__v": 0,
  "group": {
    "$oid": "6520333fcba2d2f5809f386d"
  },
  "modality": [
    {
      "decription": "Computed Tomography",
      "term": "CT",
      "_id": {
        "$oid": "662798aa10bc18bf0f51079a"
      }
    }
  ]
},
{
  "_id": {
    "$oid": "65203300cba2d2f5809f3858"
  },
  "name": "Coronary Angiography",
  "isDeleted": false,
  "branchId": null,
  "updatedBy": {
    "$oid": "6512ccd8488cb28128c8e710"
  },
  "createdBy": {
    "$oid": "6512ccd8488cb28128c8e710"
  },
  "__v": 0,
  "group": {
    "$oid": "6520333fcba2d2f5809f386d"
  }
},
{
  "_id": {
    "$oid": "65203308cba2d2f5809f385e"
  },
  "name": "Vascular Ultrasound",
  "isDeleted": false,
  "branchId": null,
  "updatedBy": {
    "$oid": "6512ccd8488cb28128c8e710"
  },
  "createdBy": {
    "$oid": "6512ccd8488cb28128c8e710"
  },
  "__v": 0,
  "group": {
    "$oid": "6520333fcba2d2f5809f386d"
  },
  "modality": [
    {
      "decription": "Ultrasound",
      "term": "US",
      "_id": {
        "$oid": "6627acda10bc18bf0f51099c"
      }
    }
  ]
},
{
  "_id": {
    "$oid": "6520330fcba2d2f5809f3864"
  },
  "name": "Aortic Angiography",
  "isDeleted": false,
  "branchId": null,
  "updatedBy": {
    "$oid": "6512ccd8488cb28128c8e710"
  },
  "createdBy": {
    "$oid": "6512ccd8488cb28128c8e710"
  },
  "__v": 0,
  "group": {
    "$oid": "6520333fcba2d2f5809f386d"
  }
},
{
  "_id": {
    "$oid": "6520334dcba2d2f5809f3874"
  },
  "name": "Abdominal X-ray",
  "isDeleted": false,
  "branchId": null,
  "updatedBy": {
    "$oid": "6512ccd8488cb28128c8e710"
  },
  "createdBy": {
    "$oid": "6512ccd8488cb28128c8e710"
  },
  "__v": 0,
  "group": {
    "$oid": "652033a6cba2d2f5809f38a1"
  }
},
{
  "_id": {
    "$oid": "65203355cba2d2f5809f387a"
  },
  "name": "Ultrasound Abdomen",
  "isDeleted": false,
  "branchId": null,
  "updatedBy": {
    "$oid": "6512ccd8488cb28128c8e710"
  },
  "createdBy": {
    "$oid": "6512ccd8488cb28128c8e710"
  },
  "__v": 0,
  "group": {
    "$oid": "652033a6cba2d2f5809f38a1"
  }
},
{
  "_id": {
    "$oid": "6520335ecba2d2f5809f3880"
  },
  "name": "CT Abdomen",
  "isDeleted": false,
  "branchId": null,
  "updatedBy": {
    "$oid": "6512ccd8488cb28128c8e710"
  },
  "createdBy": {
    "$oid": "6512ccd8488cb28128c8e710"
  },
  "__v": 0,
  "group": {
    "$oid": "652033a6cba2d2f5809f38a1"
  }
},
{
  "_id": {
    "$oid": "65203367cba2d2f5809f3886"
  },
  "name": "MRI Abdomen",
  "isDeleted": false,
  "branchId": null,
  "updatedBy": {
    "$oid": "6512ccd8488cb28128c8e710"
  },
  "createdBy": {
    "$oid": "6512ccd8488cb28128c8e710"
  },
  "__v": 0,
  "group": {
    "$oid": "652033a6cba2d2f5809f38a1"
  }
},
{
  "_id": {
    "$oid": "6520336ecba2d2f5809f388c"
  },
  "name": "PET-CT Abdomen",
  "isDeleted": false,
  "branchId": null,
  "updatedBy": {
    "$oid": "6512ccd8488cb28128c8e710"
  },
  "createdBy": {
    "$oid": "6512ccd8488cb28128c8e710"
  },
  "__v": 0,
  "group": {
    "$oid": "652033a6cba2d2f5809f38a1"
  }
},
{
  "_id": {
    "$oid": "65203376cba2d2f5809f3892"
  },
  "name": "HIDA Scan",
  "isDeleted": false,
  "branchId": null,
  "updatedBy": {
    "$oid": "6512ccd8488cb28128c8e710"
  },
  "createdBy": {
    "$oid": "6512ccd8488cb28128c8e710"
  },
  "__v": 0,
  "group": {
    "$oid": "652033a6cba2d2f5809f38a1"
  },
  "modality": [
    {
      "decription": "Nuclear Medicine",
      "term": "NM",
      "_id": {
        "$oid": "6627a40010bc18bf0f510891"
      }
    }
  ]
},
{
  "_id": {
    "$oid": "6520337ecba2d2f5809f3898"
  },
  "name": "Liver Elastography",
  "isDeleted": false,
  "branchId": null,
  "updatedBy": {
    "$oid": "6512ccd8488cb28128c8e710"
  },
  "createdBy": {
    "$oid": "6512ccd8488cb28128c8e710"
  },
  "__v": 0,
  "group": {
    "$oid": "652033a6cba2d2f5809f38a1"
  },
  "modality": [
    {
      "decription": "Ultrasound",
      "term": "US",
      "_id": {
        "$oid": "6627acda10bc18bf0f51099c"
      }
    }
  ]
},
{
  "_id": {
    "$oid": "652033d3cba2d2f5809f38c7"
  },
  "name": "Upper GI Series",
  "isDeleted": false,
  "branchId": null,
  "updatedBy": {
    "$oid": "6512ccd8488cb28128c8e710"
  },
  "createdBy": {
    "$oid": "6512ccd8488cb28128c8e710"
  },
  "__v": 0,
  "group": {
    "$oid": "65203423cba2d2f5809f38ee"
  },
  "modality": [
    {
      "decription": "Radio Fluoroscopy",
      "term": "RF",
      "_id": {
        "$oid": "6627a96d10bc18bf0f510915"
      }
    }
  ]
},
{
  "_id": {
    "$oid": "652033d9cba2d2f5809f38cd"
  },
  "name": "Lower GI Series",
  "isDeleted": false,
  "branchId": null,
  "updatedBy": {
    "$oid": "6512ccd8488cb28128c8e710"
  },
  "createdBy": {
    "$oid": "6512ccd8488cb28128c8e710"
  },
  "__v": 0,
  "group": {
    "$oid": "65203423cba2d2f5809f38ee"
  },
  "modality": [
    {
      "decription": "Radio Fluoroscopy",
      "term": "RF",
      "_id": {
        "$oid": "6627a96d10bc18bf0f510915"
      }
    }
  ]
},
{
  "_id": {
    "$oid": "652033e0cba2d2f5809f38d3"
  },
  "name": "CT Enterography",
  "isDeleted": false,
  "branchId": null,
  "updatedBy": {
    "$oid": "6512ccd8488cb28128c8e710"
  },
  "createdBy": {
    "$oid": "6512ccd8488cb28128c8e710"
  },
  "__v": 0,
  "group": {
    "$oid": "65203423cba2d2f5809f38ee"
  },
  "modality": [
    {
      "decription": "Computed Tomography",
      "term": "CT",
      "_id": {
        "$oid": "662798aa10bc18bf0f51079a"
      }
    }
  ]
},
{
  "_id": {
    "$oid": "652033e7cba2d2f5809f38d9"
  },
  "name": "MR Enterography",
  "isDeleted": false,
  "branchId": null,
  "updatedBy": {
    "$oid": "6512ccd8488cb28128c8e710"
  },
  "createdBy": {
    "$oid": "6512ccd8488cb28128c8e710"
  },
  "__v": 0,
  "group": {
    "$oid": "65203423cba2d2f5809f38ee"
  },
  "modality": [
    {
      "decription": "Magnetic Resonance",
      "term": "MR",
      "_id": {
        "$oid": "6627a3e210bc18bf0f510883"
      }
    }
  ]
},
{
  "_id": {
    "$oid": "652033f0cba2d2f5809f38df"
  },
  "name": "Gastric Emptying Study",
  "isDeleted": false,
  "branchId": null,
  "updatedBy": {
    "$oid": "6512ccd8488cb28128c8e710"
  },
  "createdBy": {
    "$oid": "6512ccd8488cb28128c8e710"
  },
  "__v": 0,
  "group": {
    "$oid": "65203423cba2d2f5809f38ee"
  },
  "modality": [
    {
      "decription": "Nuclear Medicine",
      "term": "NM",
      "_id": {
        "$oid": "6627a40010bc18bf0f510891"
      }
    }
  ]
},
{
  "_id": {
    "$oid": "652033f6cba2d2f5809f38e5"
  },
  "name": "Endoscopic Ultrasound",
  "isDeleted": false,
  "branchId": null,
  "updatedBy": {
    "$oid": "6512ccd8488cb28128c8e710"
  },
  "createdBy": {
    "$oid": "6512ccd8488cb28128c8e710"
  },
  "__v": 0,
  "group": {
    "$oid": "65203423cba2d2f5809f38ee"
  },
  "modality": [
    {
      "decription": "Endoscopy",
      "term": "ES",
      "_id": {
        "$oid": "6627a06c10bc18bf0f51081f"
      }
    }
  ]
},
{
  "_id": {
    "$oid": "65203436cba2d2f5809f38f5"
  },
  "name": "Pelvic X-ray",
  "isDeleted": false,
  "branchId": null,
  "updatedBy": {
    "$oid": "6512ccd8488cb28128c8e710"
  },
  "createdBy": {
    "$oid": "6512ccd8488cb28128c8e710"
  },
  "__v": 0,
  "group": {
    "$oid": "6520347ecba2d2f5809f391c"
  },
  "modality": [
    {
      "decription": "Digital Radiography",
      "term": "DX",
      "_id": {
        "$oid": "6627a01110bc18bf0f5107f5"
      }
    },
    {
      "decription": "Computed Radiography",
      "term": "CR",
      "_id": {
        "$oid": "6627989810bc18bf0f510793"
      }
    }
  ]
},
{
  "_id": {
    "$oid": "6520343ccba2d2f5809f38fb"
  },
  "name": "Pelvic Ultrasound",
  "isDeleted": false,
  "branchId": null,
  "updatedBy": {
    "$oid": "6512ccd8488cb28128c8e710"
  },
  "createdBy": {
    "$oid": "6512ccd8488cb28128c8e710"
  },
  "__v": 0,
  "group": {
    "$oid": "6520347ecba2d2f5809f391c"
  },
  "modality": [
    {
      "decription": "Ultrasound",
      "term": "US",
      "_id": {
        "$oid": "6627acda10bc18bf0f51099c"
      }
    }
  ]
},
{
  "_id": {
    "$oid": "65203443cba2d2f5809f3901"
  },
  "name": "CT Pelvis",
  "isDeleted": false,
  "branchId": null,
  "updatedBy": {
    "$oid": "6512ccd8488cb28128c8e710"
  },
  "createdBy": {
    "$oid": "6512ccd8488cb28128c8e710"
  },
  "__v": 0,
  "group": {
    "$oid": "6520347ecba2d2f5809f391c"
  },
  "modality": [
    {
      "decription": "Computed Tomography",
      "term": "CT",
      "_id": {
        "$oid": "662798aa10bc18bf0f51079a"
      }
    }
  ]
},
{
  "_id": {
    "$oid": "65203449cba2d2f5809f3907"
  },
  "name": "MRI Pelvis",
  "isDeleted": false,
  "branchId": null,
  "updatedBy": {
    "$oid": "6512ccd8488cb28128c8e710"
  },
  "createdBy": {
    "$oid": "6512ccd8488cb28128c8e710"
  },
  "__v": 0,
  "group": {
    "$oid": "6520347ecba2d2f5809f391c"
  },
  "modality": [
    {
      "decription": "Magnetic Resonance",
      "term": "MR",
      "_id": {
        "$oid": "6627a3e210bc18bf0f510883"
      }
    }
  ]
},
{
  "_id": {
    "$oid": "65203450cba2d2f5809f390d"
  },
  "name": "Cystography",
  "isDeleted": false,
  "branchId": null,
  "updatedBy": {
    "$oid": "6512ccd8488cb28128c8e710"
  },
  "createdBy": {
    "$oid": "6512ccd8488cb28128c8e710"
  },
  "__v": 0,
  "group": {
    "$oid": "6520347ecba2d2f5809f391c"
  },
  "modality": [
    {
      "decription": "Radio Fluoroscopy",
      "term": "RF",
      "_id": {
        "$oid": "6627a96d10bc18bf0f510915"
      }
    }
  ]
},
{
  "_id": {
    "$oid": "65203456cba2d2f5809f3913"
  },
  "name": "Hysterosalpingography",
  "isDeleted": false,
  "branchId": null,
  "updatedBy": {
    "$oid": "6512ccd8488cb28128c8e710"
  },
  "createdBy": {
    "$oid": "6512ccd8488cb28128c8e710"
  },
  "__v": 0,
  "group": {
    "$oid": "6520347ecba2d2f5809f391c"
  },
  "modality": [
    {
      "decription": "Radio Fluoroscopy",
      "term": "RF",
      "_id": {
        "$oid": "6627a96d10bc18bf0f510915"
      }
    }
  ]
},
{
  "_id": {
    "$oid": "6526501f161e4eda13ac9e45"
  },
  "name": "X-ray Cervical Spine",
  "isDeleted": false,
  "branchId": null,
  "updatedBy": {
    "$oid": "6512ccd8488cb28128c8e710"
  },
  "createdBy": {
    "$oid": "6512ccd8488cb28128c8e710"
  },
  "__v": 0,
  "group": {
    "$oid": "652652ae6e0a8878c599df95"
  }
},
{
  "_id": {
    "$oid": "6526502b161e4eda13ac9e4e"
  },
  "name": "MRI Cervical Spine",
  "isDeleted": false,
  "branchId": null,
  "updatedBy": {
    "$oid": "6512ccd8488cb28128c8e710"
  },
  "createdBy": {
    "$oid": "6512ccd8488cb28128c8e710"
  },
  "__v": 0,
  "group": {
    "$oid": "652652ae6e0a8878c599df95"
  }
},
{
  "_id": {
    "$oid": "65265036161e4eda13ac9e57"
  },
  "name": "CT Cervical Spine",
  "isDeleted": false,
  "branchId": null,
  "updatedBy": {
    "$oid": "6512ccd8488cb28128c8e710"
  },
  "createdBy": {
    "$oid": "6512ccd8488cb28128c8e710"
  },
  "__v": 0,
  "group": {
    "$oid": "652652ae6e0a8878c599df95"
  }
},
{
  "_id": {
    "$oid": "6526504d161e4eda13ac9e60"
  },
  "name": "Myelography Cervical Spine",
  "isDeleted": false,
  "branchId": null,
  "updatedBy": {
    "$oid": "6512ccd8488cb28128c8e710"
  },
  "createdBy": {
    "$oid": "6512ccd8488cb28128c8e710"
  },
  "__v": 0,
  "group": {
    "$oid": "652652ae6e0a8878c599df95"
  }
},
{
  "_id": {
    "$oid": "65265065161e4eda13ac9e6a"
  },
  "name": "Discography Cervical Spine",
  "isDeleted": false,
  "branchId": null,
  "updatedBy": {
    "$oid": "6512ccd8488cb28128c8e710"
  },
  "createdBy": {
    "$oid": "6512ccd8488cb28128c8e710"
  },
  "__v": 0,
  "group": {
    "$oid": "652652ae6e0a8878c599df95"
  }
},
{
  "_id": {
    "$oid": "6526507b161e4eda13ac9e73"
  },
  "name": "X-ray Thoracic Spine",
  "isDeleted": false,
  "branchId": null,
  "updatedBy": {
    "$oid": "6512ccd8488cb28128c8e710"
  },
  "createdBy": {
    "$oid": "6512ccd8488cb28128c8e710"
  },
  "__v": 0,
  "group": {
    "$oid": "652652c86e0a8878c599dfa7"
  }
},
{
  "_id": {
    "$oid": "65265081161e4eda13ac9e7c"
  },
  "name": "X-ray Lumbar Spine",
  "isDeleted": false,
  "branchId": null,
  "updatedBy": {
    "$oid": "6512ccd8488cb28128c8e710"
  },
  "createdBy": {
    "$oid": "6512ccd8488cb28128c8e710"
  },
  "__v": 0,
  "group": {
    "$oid": "652652e06e0a8878c599dfbd"
  }
},
{
  "_id": {
    "$oid": "6526508e161e4eda13ac9e85"
  },
  "name": "MRI Thoracic Spine",
  "isDeleted": false,
  "branchId": null,
  "updatedBy": {
    "$oid": "6512ccd8488cb28128c8e710"
  },
  "createdBy": {
    "$oid": "6512ccd8488cb28128c8e710"
  },
  "__v": 0,
  "group": {
    "$oid": "652652c86e0a8878c599dfa7"
  }
},
{
  "_id": {
    "$oid": "652650b9161e4eda13ac9e8e"
  },
  "name": "MRI Lumbar Spine",
  "isDeleted": false,
  "branchId": null,
  "updatedBy": {
    "$oid": "6512ccd8488cb28128c8e710"
  },
  "createdBy": {
    "$oid": "6512ccd8488cb28128c8e710"
  },
  "__v": 0,
  "group": {
    "$oid": "652652e06e0a8878c599dfbd"
  }
},
{
  "_id": {
    "$oid": "652650c6161e4eda13ac9e97"
  },
  "name": "CT Thoracic Spine",
  "isDeleted": false,
  "branchId": null,
  "updatedBy": {
    "$oid": "6512ccd8488cb28128c8e710"
  },
  "createdBy": {
    "$oid": "6512ccd8488cb28128c8e710"
  },
  "__v": 0,
  "group": {
    "$oid": "652652c86e0a8878c599dfa7"
  }
},
{
  "_id": {
    "$oid": "652650e9161e4eda13ac9ea0"
  },
  "name": "CT Lumbar Spine",
  "isDeleted": false,
  "branchId": null,
  "updatedBy": {
    "$oid": "6512ccd8488cb28128c8e710"
  },
  "createdBy": {
    "$oid": "6512ccd8488cb28128c8e710"
  },
  "__v": 0,
  "group": {
    "$oid": "652652e06e0a8878c599dfbd"
  }
},
{
  "_id": {
    "$oid": "6526513d161e4eda13ac9ea9"
  },
  "name": "Myelography Thoracic Spine",
  "isDeleted": false,
  "branchId": null,
  "updatedBy": {
    "$oid": "6512ccd8488cb28128c8e710"
  },
  "createdBy": {
    "$oid": "6512ccd8488cb28128c8e710"
  },
  "__v": 0,
  "group": {
    "$oid": "652652c86e0a8878c599dfa7"
  }
},
{
  "_id": {
    "$oid": "65265143161e4eda13ac9eb2"
  },
  "name": "Myelography Lumbar Spine",
  "isDeleted": false,
  "branchId": null,
  "updatedBy": {
    "$oid": "6512ccd8488cb28128c8e710"
  },
  "createdBy": {
    "$oid": "6512ccd8488cb28128c8e710"
  },
  "__v": 0,
  "group": {
    "$oid": "652652e06e0a8878c599dfbd"
  }
},
{
  "_id": {
    "$oid": "65265156161e4eda13ac9ebb"
  },
  "name": "Discography Thoracic Spine",
  "isDeleted": false,
  "branchId": null,
  "updatedBy": {
    "$oid": "6512ccd8488cb28128c8e710"
  },
  "createdBy": {
    "$oid": "6512ccd8488cb28128c8e710"
  },
  "__v": 0,
  "group": {
    "$oid": "652652c86e0a8878c599dfa7"
  }
},
{
  "_id": {
    "$oid": "6526515d161e4eda13ac9ec4"
  },
  "name": "Discography Lumbar Spine",
  "isDeleted": false,
  "branchId": null,
  "updatedBy": {
    "$oid": "6512ccd8488cb28128c8e710"
  },
  "createdBy": {
    "$oid": "6512ccd8488cb28128c8e710"
  },
  "__v": 0,
  "group": {
    "$oid": "652652e06e0a8878c599dfbd"
  }
},
{
  "_id": {
    "$oid": "6526c4eaca4fc5ebbe154847"
  },
  "name": "Left Shoulder X-ray",
  "isDeleted": false,
  "branchId": null,
  "updatedBy": {
    "$oid": "6512ccd8488cb28128c8e710"
  },
  "createdBy": {
    "$oid": "6512ccd8488cb28128c8e710"
  },
  "__v": 0,
  "group": {
    "$oid": "6526c87d394444db0d6f23c4"
  }
},
{
  "_id": {
    "$oid": "6526c4f4ca4fc5ebbe154850"
  },
  "name": "Left Shoulder Ultrasound",
  "isDeleted": false,
  "branchId": null,
  "updatedBy": {
    "$oid": "6512ccd8488cb28128c8e710"
  },
  "createdBy": {
    "$oid": "6512ccd8488cb28128c8e710"
  },
  "__v": 0,
  "group": {
    "$oid": "6526c87d394444db0d6f23c4"
  }
},
{
  "_id": {
    "$oid": "6526c4fcca4fc5ebbe154859"
  },
  "name": "Left Shoulder MRI",
  "isDeleted": false,
  "branchId": null,
  "updatedBy": {
    "$oid": "6512ccd8488cb28128c8e710"
  },
  "createdBy": {
    "$oid": "6512ccd8488cb28128c8e710"
  },
  "__v": 0,
  "group": {
    "$oid": "6526c87d394444db0d6f23c4"
  }
},
{
  "_id": {
    "$oid": "6526c50fca4fc5ebbe154862"
  },
  "name": "Left Shoulder CT",
  "isDeleted": false,
  "branchId": null,
  "updatedBy": {
    "$oid": "6512ccd8488cb28128c8e710"
  },
  "createdBy": {
    "$oid": "6512ccd8488cb28128c8e710"
  },
  "__v": 0,
  "group": {
    "$oid": "6526c87d394444db0d6f23c4"
  }
},
{
  "_id": {
    "$oid": "6526c615394444db0d6f222c"
  },
  "name": "Left Shoulder Arthrogram",
  "isDeleted": false,
  "branchId": null,
  "updatedBy": {
    "$oid": "6512ccd8488cb28128c8e710"
  },
  "createdBy": {
    "$oid": "6512ccd8488cb28128c8e710"
  },
  "__v": 0,
  "group": {
    "$oid": "6526c87d394444db0d6f23c4"
  }
},
{
  "_id": {
    "$oid": "6526c62c394444db0d6f2235"
  },
  "name": "Right Shoulder X-ray",
  "isDeleted": false,
  "branchId": null,
  "updatedBy": {
    "$oid": "6512ccd8488cb28128c8e710"
  },
  "createdBy": {
    "$oid": "6512ccd8488cb28128c8e710"
  },
  "__v": 0,
  "group": {
    "$oid": "6526c88c394444db0d6f23d4"
  }
},
{
  "_id": {
    "$oid": "6526c633394444db0d6f223e"
  },
  "name": "Right Shoulder Ultrasound",
  "isDeleted": false,
  "branchId": null,
  "updatedBy": {
    "$oid": "6512ccd8488cb28128c8e710"
  },
  "createdBy": {
    "$oid": "6512ccd8488cb28128c8e710"
  },
  "__v": 0,
  "group": {
    "$oid": "6526c88c394444db0d6f23d4"
  }
},
{
  "_id": {
    "$oid": "6526c640394444db0d6f2247"
  },
  "name": "Right Shoulder MRI",
  "isDeleted": false,
  "branchId": null,
  "updatedBy": {
    "$oid": "6512ccd8488cb28128c8e710"
  },
  "createdBy": {
    "$oid": "6512ccd8488cb28128c8e710"
  },
  "__v": 0,
  "group": {
    "$oid": "6526c88c394444db0d6f23d4"
  }
},
{
  "_id": {
    "$oid": "6526c648394444db0d6f2250"
  },
  "name": "Right Shoulder CT",
  "isDeleted": false,
  "branchId": null,
  "updatedBy": {
    "$oid": "6512ccd8488cb28128c8e710"
  },
  "createdBy": {
    "$oid": "6512ccd8488cb28128c8e710"
  },
  "__v": 0,
  "group": {
    "$oid": "6526c88c394444db0d6f23d4"
  }
},
{
  "_id": {
    "$oid": "6526c650394444db0d6f2259"
  },
  "name": "Right Shoulder Arthrogram",
  "isDeleted": false,
  "branchId": null,
  "updatedBy": {
    "$oid": "6512ccd8488cb28128c8e710"
  },
  "createdBy": {
    "$oid": "6512ccd8488cb28128c8e710"
  },
  "__v": 0,
  "group": {
    "$oid": "6526c88c394444db0d6f23d4"
  }
},
{
  "_id": {
    "$oid": "6526c705394444db0d6f226a"
  },
  "name": "Left Arm X-ray",
  "isDeleted": false,
  "branchId": null,
  "updatedBy": {
    "$oid": "6512ccd8488cb28128c8e710"
  },
  "createdBy": {
    "$oid": "6512ccd8488cb28128c8e710"
  },
  "__v": 0,
  "group": {
    "$oid": "6526c8a5394444db0d6f23e4"
  }
},
{
  "_id": {
    "$oid": "6526c70a394444db0d6f2273"
  },
  "name": "Left Arm Ultrasound",
  "isDeleted": false,
  "branchId": null,
  "updatedBy": {
    "$oid": "6512ccd8488cb28128c8e710"
  },
  "createdBy": {
    "$oid": "6512ccd8488cb28128c8e710"
  },
  "__v": 0,
  "group": {
    "$oid": "6526c8a5394444db0d6f23e4"
  }
},
{
  "_id": {
    "$oid": "6526c710394444db0d6f227c"
  },
  "name": "Left Arm MRI",
  "isDeleted": false,
  "branchId": null,
  "updatedBy": {
    "$oid": "6512ccd8488cb28128c8e710"
  },
  "createdBy": {
    "$oid": "6512ccd8488cb28128c8e710"
  },
  "__v": 0,
  "group": {
    "$oid": "6526c8a5394444db0d6f23e4"
  }
},
{
  "_id": {
    "$oid": "6526c715394444db0d6f2285"
  },
  "name": "Left Arm CT",
  "isDeleted": false,
  "branchId": null,
  "updatedBy": {
    "$oid": "6512ccd8488cb28128c8e710"
  },
  "createdBy": {
    "$oid": "6512ccd8488cb28128c8e710"
  },
  "__v": 0,
  "group": {
    "$oid": "6526c8a5394444db0d6f23e4"
  }
},
{
  "_id": {
    "$oid": "6526c71c394444db0d6f228e"
  },
  "name": "Left Arm Arthrogram",
  "isDeleted": false,
  "branchId": null,
  "updatedBy": {
    "$oid": "6512ccd8488cb28128c8e710"
  },
  "createdBy": {
    "$oid": "6512ccd8488cb28128c8e710"
  },
  "__v": 0,
  "group": {
    "$oid": "6526c8a5394444db0d6f23e4"
  }
},
{
  "_id": {
    "$oid": "6526c74a394444db0d6f2297"
  },
  "name": "Right Arm X-ray",
  "isDeleted": false,
  "branchId": null,
  "updatedBy": {
    "$oid": "6512ccd8488cb28128c8e710"
  },
  "createdBy": {
    "$oid": "6512ccd8488cb28128c8e710"
  },
  "__v": 0,
  "group": {
    "$oid": "6526c8cd394444db0d6f23f4"
  }
},
{
  "_id": {
    "$oid": "6526c74f394444db0d6f22a0"
  },
  "name": "Right Arm Ultrasound",
  "isDeleted": false,
  "branchId": null,
  "updatedBy": {
    "$oid": "6512ccd8488cb28128c8e710"
  },
  "createdBy": {
    "$oid": "6512ccd8488cb28128c8e710"
  },
  "__v": 0,
  "group": {
    "$oid": "6526c8cd394444db0d6f23f4"
  }
},
{
  "_id": {
    "$oid": "6526c759394444db0d6f22a9"
  },
  "name": "Right Arm MRI",
  "isDeleted": false,
  "branchId": null,
  "updatedBy": {
    "$oid": "6512ccd8488cb28128c8e710"
  },
  "createdBy": {
    "$oid": "6512ccd8488cb28128c8e710"
  },
  "__v": 0,
  "group": {
    "$oid": "6526c8cd394444db0d6f23f4"
  }
},
{
  "_id": {
    "$oid": "6526c75f394444db0d6f22b2"
  },
  "name": "Right Arm CT",
  "isDeleted": false,
  "branchId": null,
  "updatedBy": {
    "$oid": "6512ccd8488cb28128c8e710"
  },
  "createdBy": {
    "$oid": "6512ccd8488cb28128c8e710"
  },
  "__v": 0,
  "group": {
    "$oid": "6526c8cd394444db0d6f23f4"
  }
},
{
  "_id": {
    "$oid": "6526c764394444db0d6f22bb"
  },
  "name": "Right Arm Arthrogram",
  "isDeleted": false,
  "branchId": null,
  "updatedBy": {
    "$oid": "6512ccd8488cb28128c8e710"
  },
  "createdBy": {
    "$oid": "6512ccd8488cb28128c8e710"
  },
  "__v": 0,
  "group": {
    "$oid": "6526c8cd394444db0d6f23f4"
  }
},
{
  "_id": {
    "$oid": "6526c76a394444db0d6f22c4"
  },
  "name": "Left Elbow X-ray",
  "isDeleted": false,
  "branchId": null,
  "updatedBy": {
    "$oid": "6512ccd8488cb28128c8e710"
  },
  "createdBy": {
    "$oid": "6512ccd8488cb28128c8e710"
  },
  "__v": 0,
  "group": {
    "$oid": "6526c8dc394444db0d6f2404"
  }
},
{
  "_id": {
    "$oid": "6526c770394444db0d6f22cd"
  },
  "name": "Left Elbow Ultrasound",
  "isDeleted": false,
  "branchId": null,
  "updatedBy": {
    "$oid": "6512ccd8488cb28128c8e710"
  },
  "createdBy": {
    "$oid": "6512ccd8488cb28128c8e710"
  },
  "__v": 0,
  "group": {
    "$oid": "6526c8dc394444db0d6f2404"
  }
},
{
  "_id": {
    "$oid": "6526c776394444db0d6f22d6"
  },
  "name": "Left Elbow MRI",
  "isDeleted": false,
  "branchId": null,
  "updatedBy": {
    "$oid": "6512ccd8488cb28128c8e710"
  },
  "createdBy": {
    "$oid": "6512ccd8488cb28128c8e710"
  },
  "__v": 0,
  "group": {
    "$oid": "6526c8dc394444db0d6f2404"
  }
},
{
  "_id": {
    "$oid": "6526c77b394444db0d6f22df"
  },
  "name": "Left Elbow CT",
  "isDeleted": false,
  "branchId": null,
  "updatedBy": {
    "$oid": "6512ccd8488cb28128c8e710"
  },
  "createdBy": {
    "$oid": "6512ccd8488cb28128c8e710"
  },
  "__v": 0,
  "group": {
    "$oid": "6526c8dc394444db0d6f2404"
  }
},
{
  "_id": {
    "$oid": "6526c782394444db0d6f22e8"
  },
  "name": "Left Elbow Arthrogram",
  "isDeleted": false,
  "branchId": null,
  "updatedBy": {
    "$oid": "6512ccd8488cb28128c8e710"
  },
  "createdBy": {
    "$oid": "6512ccd8488cb28128c8e710"
  },
  "__v": 0,
  "group": {
    "$oid": "6526c8dc394444db0d6f2404"
  }
},
{
  "_id": {
    "$oid": "6526c787394444db0d6f22f1"
  },
  "name": "Right Elbow X-ray",
  "isDeleted": false,
  "branchId": null,
  "updatedBy": {
    "$oid": "6512ccd8488cb28128c8e710"
  },
  "createdBy": {
    "$oid": "6512ccd8488cb28128c8e710"
  },
  "__v": 0,
  "group": {
    "$oid": "6526c8e8394444db0d6f2414"
  }
},
{
  "_id": {
    "$oid": "6526c78d394444db0d6f22fa"
  },
  "name": "Right Elbow Ultrasound",
  "isDeleted": false,
  "branchId": null,
  "updatedBy": {
    "$oid": "6512ccd8488cb28128c8e710"
  },
  "createdBy": {
    "$oid": "6512ccd8488cb28128c8e710"
  },
  "__v": 0,
  "group": {
    "$oid": "6526c8e8394444db0d6f2414"
  }
},
{
  "_id": {
    "$oid": "6526c793394444db0d6f2303"
  },
  "name": "Right Elbow MRI",
  "isDeleted": false,
  "branchId": null,
  "updatedBy": {
    "$oid": "6512ccd8488cb28128c8e710"
  },
  "createdBy": {
    "$oid": "6512ccd8488cb28128c8e710"
  },
  "__v": 0,
  "group": {
    "$oid": "6526c8e8394444db0d6f2414"
  }
},
{
  "_id": {
    "$oid": "6526c799394444db0d6f230c"
  },
  "name": "Right Elbow CT",
  "isDeleted": false,
  "branchId": null,
  "updatedBy": {
    "$oid": "6512ccd8488cb28128c8e710"
  },
  "createdBy": {
    "$oid": "6512ccd8488cb28128c8e710"
  },
  "__v": 0,
  "group": {
    "$oid": "6526c8e8394444db0d6f2414"
  }
},
{
  "_id": {
    "$oid": "6526c79e394444db0d6f2315"
  },
  "name": "Right Elbow Arthrogram",
  "isDeleted": false,
  "branchId": null,
  "updatedBy": {
    "$oid": "6512ccd8488cb28128c8e710"
  },
  "createdBy": {
    "$oid": "6512ccd8488cb28128c8e710"
  },
  "__v": 0,
  "group": {
    "$oid": "6526c8e8394444db0d6f2414"
  }
},
{
  "_id": {
    "$oid": "6526c7a5394444db0d6f231e"
  },
  "name": "Left Wrist X-ray",
  "isDeleted": false,
  "branchId": null,
  "updatedBy": {
    "$oid": "6512ccd8488cb28128c8e710"
  },
  "createdBy": {
    "$oid": "6512ccd8488cb28128c8e710"
  },
  "__v": 0,
  "group": {
    "$oid": "6526c8f8394444db0d6f2424"
  }
},
{
  "_id": {
    "$oid": "6526c7ad394444db0d6f2327"
  },
  "name": "Left Wrist Ultrasound",
  "isDeleted": false,
  "branchId": null,
  "updatedBy": {
    "$oid": "6512ccd8488cb28128c8e710"
  },
  "createdBy": {
    "$oid": "6512ccd8488cb28128c8e710"
  },
  "__v": 0,
  "group": {
    "$oid": "6526c8f8394444db0d6f2424"
  }
},
{
  "_id": {
    "$oid": "6526c7b2394444db0d6f2330"
  },
  "name": "Left Wrist MRI",
  "isDeleted": false,
  "branchId": null,
  "updatedBy": {
    "$oid": "6512ccd8488cb28128c8e710"
  },
  "createdBy": {
    "$oid": "6512ccd8488cb28128c8e710"
  },
  "__v": 0,
  "group": {
    "$oid": "6526c8f8394444db0d6f2424"
  }
},
{
  "_id": {
    "$oid": "6526c7b8394444db0d6f2339"
  },
  "name": "Left Wrist CT",
  "isDeleted": false,
  "branchId": null,
  "updatedBy": {
    "$oid": "6512ccd8488cb28128c8e710"
  },
  "createdBy": {
    "$oid": "6512ccd8488cb28128c8e710"
  },
  "__v": 0,
  "group": {
    "$oid": "6526c8f8394444db0d6f2424"
  }
},
{
  "_id": {
    "$oid": "6526c7be394444db0d6f2342"
  },
  "name": "Left Wrist Arthrogram",
  "isDeleted": false,
  "branchId": null,
  "updatedBy": {
    "$oid": "6512ccd8488cb28128c8e710"
  },
  "createdBy": {
    "$oid": "6512ccd8488cb28128c8e710"
  },
  "__v": 0,
  "group": {
    "$oid": "6526c8f8394444db0d6f2424"
  }
},
{
  "_id": {
    "$oid": "6526c7c7394444db0d6f234b"
  },
  "name": "Right Wrist X-ray",
  "isDeleted": false,
  "branchId": null,
  "updatedBy": {
    "$oid": "6512ccd8488cb28128c8e710"
  },
  "createdBy": {
    "$oid": "6512ccd8488cb28128c8e710"
  },
  "__v": 0,
  "group": {
    "$oid": "6526c905394444db0d6f2434"
  }
},
{
  "_id": {
    "$oid": "6526c7cd394444db0d6f2354"
  },
  "name": "Right Wrist Ultrasound",
  "isDeleted": false,
  "branchId": null,
  "updatedBy": {
    "$oid": "6512ccd8488cb28128c8e710"
  },
  "createdBy": {
    "$oid": "6512ccd8488cb28128c8e710"
  },
  "__v": 0,
  "group": {
    "$oid": "6526c905394444db0d6f2434"
  }
},
{
  "_id": {
    "$oid": "6526c7d4394444db0d6f235d"
  },
  "name": "Right Wrist MRI",
  "isDeleted": false,
  "branchId": null,
  "updatedBy": {
    "$oid": "6512ccd8488cb28128c8e710"
  },
  "createdBy": {
    "$oid": "6512ccd8488cb28128c8e710"
  },
  "__v": 0,
  "group": {
    "$oid": "6526c905394444db0d6f2434"
  }
},
{
  "_id": {
    "$oid": "6526c7d9394444db0d6f2366"
  },
  "name": "Right Wrist CT",
  "isDeleted": false,
  "branchId": null,
  "updatedBy": {
    "$oid": "6512ccd8488cb28128c8e710"
  },
  "createdBy": {
    "$oid": "6512ccd8488cb28128c8e710"
  },
  "__v": 0,
  "group": {
    "$oid": "6526c905394444db0d6f2434"
  }
},
{
  "_id": {
    "$oid": "6526c7df394444db0d6f236f"
  },
  "name": "Right Wrist Arthrogram",
  "isDeleted": false,
  "branchId": null,
  "updatedBy": {
    "$oid": "6512ccd8488cb28128c8e710"
  },
  "createdBy": {
    "$oid": "6512ccd8488cb28128c8e710"
  },
  "__v": 0,
  "group": {
    "$oid": "6526c905394444db0d6f2434"
  }
},
{
  "_id": {
    "$oid": "6526c99d394444db0d6f246e"
  },
  "name": "Left Hand X-ray",
  "isDeleted": false,
  "branchId": null,
  "updatedBy": {
    "$oid": "6512ccd8488cb28128c8e710"
  },
  "createdBy": {
    "$oid": "6512ccd8488cb28128c8e710"
  },
  "__v": 0,
  "group": {
    "$oid": "6526c9df394444db0d6f24d4"
  }
},
{
  "_id": {
    "$oid": "6526c9a2394444db0d6f2477"
  },
  "name": "Left Hand Ultrasound",
  "isDeleted": false,
  "branchId": null,
  "updatedBy": {
    "$oid": "6512ccd8488cb28128c8e710"
  },
  "createdBy": {
    "$oid": "6512ccd8488cb28128c8e710"
  },
  "__v": 0,
  "group": {
    "$oid": "6526c9df394444db0d6f24d4"
  }
},
{
  "_id": {
    "$oid": "6526c9a8394444db0d6f2480"
  },
  "name": "Left Hand MRI",
  "isDeleted": false,
  "branchId": null,
  "updatedBy": {
    "$oid": "6512ccd8488cb28128c8e710"
  },
  "createdBy": {
    "$oid": "6512ccd8488cb28128c8e710"
  },
  "__v": 0,
  "group": {
    "$oid": "6526c9df394444db0d6f24d4"
  }
},
{
  "_id": {
    "$oid": "6526c9ad394444db0d6f2489"
  },
  "name": "Left Hand CT",
  "isDeleted": false,
  "branchId": null,
  "updatedBy": {
    "$oid": "6512ccd8488cb28128c8e710"
  },
  "createdBy": {
    "$oid": "6512ccd8488cb28128c8e710"
  },
  "__v": 0,
  "group": {
    "$oid": "6526c9df394444db0d6f24d4"
  }
},
{
  "_id": {
    "$oid": "6526c9b5394444db0d6f2492"
  },
  "name": "Left Hand Arthrogram",
  "isDeleted": false,
  "branchId": null,
  "updatedBy": {
    "$oid": "6512ccd8488cb28128c8e710"
  },
  "createdBy": {
    "$oid": "6512ccd8488cb28128c8e710"
  },
  "__v": 0,
  "group": {
    "$oid": "6526c9df394444db0d6f24d4"
  }
},
{
  "_id": {
    "$oid": "6526c9ba394444db0d6f249b"
  },
  "name": "Right Hand X-ray",
  "isDeleted": false,
  "branchId": null,
  "updatedBy": {
    "$oid": "6512ccd8488cb28128c8e710"
  },
  "createdBy": {
    "$oid": "6512ccd8488cb28128c8e710"
  },
  "__v": 0,
  "group": {
    "$oid": "6526c9f0394444db0d6f24e4"
  }
},
{
  "_id": {
    "$oid": "6526c9c0394444db0d6f24a4"
  },
  "name": "Right Hand Ultrasound",
  "isDeleted": false,
  "branchId": null,
  "updatedBy": {
    "$oid": "6512ccd8488cb28128c8e710"
  },
  "createdBy": {
    "$oid": "6512ccd8488cb28128c8e710"
  },
  "__v": 0,
  "group": {
    "$oid": "6526c9f0394444db0d6f24e4"
  }
},
{
  "_id": {
    "$oid": "6526c9c5394444db0d6f24ad"
  },
  "name": "Right Hand MRI",
  "isDeleted": false,
  "branchId": null,
  "updatedBy": {
    "$oid": "6512ccd8488cb28128c8e710"
  },
  "createdBy": {
    "$oid": "6512ccd8488cb28128c8e710"
  },
  "__v": 0,
  "group": {
    "$oid": "6526c9f0394444db0d6f24e4"
  }
},
{
  "_id": {
    "$oid": "6526c9cc394444db0d6f24b6"
  },
  "name": "Right Hand CT",
  "isDeleted": false,
  "branchId": null,
  "updatedBy": {
    "$oid": "6512ccd8488cb28128c8e710"
  },
  "createdBy": {
    "$oid": "6512ccd8488cb28128c8e710"
  },
  "__v": 0,
  "group": {
    "$oid": "6526c9f0394444db0d6f24e4"
  }
},
{
  "_id": {
    "$oid": "6526c9d1394444db0d6f24bf"
  },
  "name": "Right Hand Arthrogram",
  "isDeleted": false,
  "branchId": null,
  "updatedBy": {
    "$oid": "6512ccd8488cb28128c8e710"
  },
  "createdBy": {
    "$oid": "6512ccd8488cb28128c8e710"
  },
  "__v": 0,
  "group": {
    "$oid": "6526c9f0394444db0d6f24e4"
  }
},
{
  "_id": {
    "$oid": "6526cabb394444db0d6f24ee"
  },
  "name": "Left Hip X-ray",
  "isDeleted": false,
  "branchId": null,
  "updatedBy": {
    "$oid": "6512ccd8488cb28128c8e710"
  },
  "createdBy": {
    "$oid": "6512ccd8488cb28128c8e710"
  },
  "__v": 0,
  "group": {
    "$oid": "6526cb48394444db0d6f25cc"
  }
},
{
  "_id": {
    "$oid": "6526cac1394444db0d6f24f7"
  },
  "name": "Left Hip Ultrasound",
  "isDeleted": false,
  "branchId": null,
  "updatedBy": {
    "$oid": "6512ccd8488cb28128c8e710"
  },
  "createdBy": {
    "$oid": "6512ccd8488cb28128c8e710"
  },
  "__v": 0,
  "group": {
    "$oid": "6526cb48394444db0d6f25cc"
  }
},
{
  "_id": {
    "$oid": "6526cac7394444db0d6f2500"
  },
  "name": "Left Hip MRI",
  "isDeleted": false,
  "branchId": null,
  "updatedBy": {
    "$oid": "6512ccd8488cb28128c8e710"
  },
  "createdBy": {
    "$oid": "6512ccd8488cb28128c8e710"
  },
  "__v": 0,
  "group": {
    "$oid": "6526cb48394444db0d6f25cc"
  }
},
{
  "_id": {
    "$oid": "6526cacc394444db0d6f2509"
  },
  "name": "Left Hip CT",
  "isDeleted": false,
  "branchId": null,
  "updatedBy": {
    "$oid": "6512ccd8488cb28128c8e710"
  },
  "createdBy": {
    "$oid": "6512ccd8488cb28128c8e710"
  },
  "__v": 0,
  "group": {
    "$oid": "6526cb48394444db0d6f25cc"
  }
},
{
  "_id": {
    "$oid": "6526cad1394444db0d6f2512"
  },
  "name": "Left Hip Venography",
  "isDeleted": false,
  "branchId": null,
  "updatedBy": {
    "$oid": "6512ccd8488cb28128c8e710"
  },
  "createdBy": {
    "$oid": "6512ccd8488cb28128c8e710"
  },
  "__v": 0,
  "group": {
    "$oid": "6526cb48394444db0d6f25cc"
  }
},
{
  "_id": {
    "$oid": "6526cad7394444db0d6f251b"
  },
  "name": "Left Hip DEXA Scan (Bone Density)",
  "isDeleted": false,
  "branchId": null,
  "updatedBy": {
    "$oid": "6512ccd8488cb28128c8e710"
  },
  "createdBy": {
    "$oid": "6512ccd8488cb28128c8e710"
  },
  "__v": 0,
  "group": {
    "$oid": "6526cb48394444db0d6f25cc"
  }
},
{
  "_id": {
    "$oid": "6526cade394444db0d6f2524"
  },
  "name": "Right Hip X-ray",
  "isDeleted": false,
  "branchId": null,
  "updatedBy": {
    "$oid": "6512ccd8488cb28128c8e710"
  },
  "createdBy": {
    "$oid": "6512ccd8488cb28128c8e710"
  },
  "__v": 0,
  "group": {
    "$oid": "6526cb5a394444db0d6f25dc"
  }
},
{
  "_id": {
    "$oid": "6526cae2394444db0d6f252d"
  },
  "name": "Right Hip Ultrasound",
  "isDeleted": false,
  "branchId": null,
  "updatedBy": {
    "$oid": "6512ccd8488cb28128c8e710"
  },
  "createdBy": {
    "$oid": "6512ccd8488cb28128c8e710"
  },
  "__v": 0,
  "group": {
    "$oid": "6526cb5a394444db0d6f25dc"
  }
},
{
  "_id": {
    "$oid": "6526cae9394444db0d6f2536"
  },
  "name": "Right Hip MRI",
  "isDeleted": false,
  "branchId": null,
  "updatedBy": {
    "$oid": "6512ccd8488cb28128c8e710"
  },
  "createdBy": {
    "$oid": "6512ccd8488cb28128c8e710"
  },
  "__v": 0,
  "group": {
    "$oid": "6526cb5a394444db0d6f25dc"
  }
},
{
  "_id": {
    "$oid": "6526caed394444db0d6f253f"
  },
  "name": "Right Hip CT",
  "isDeleted": false,
  "branchId": null,
  "updatedBy": {
    "$oid": "6512ccd8488cb28128c8e710"
  },
  "createdBy": {
    "$oid": "6512ccd8488cb28128c8e710"
  },
  "__v": 0,
  "group": {
    "$oid": "6526cb5a394444db0d6f25dc"
  }
},
{
  "_id": {
    "$oid": "6526caf3394444db0d6f2548"
  },
  "name": "Right Hip Venography",
  "isDeleted": false,
  "branchId": null,
  "updatedBy": {
    "$oid": "6512ccd8488cb28128c8e710"
  },
  "createdBy": {
    "$oid": "6512ccd8488cb28128c8e710"
  },
  "__v": 0,
  "group": {
    "$oid": "6526cb5a394444db0d6f25dc"
  }
},
{
  "_id": {
    "$oid": "6526caf8394444db0d6f2551"
  },
  "name": "Right Hip DEXA Scan (Bone Density)",
  "isDeleted": false,
  "branchId": null,
  "updatedBy": {
    "$oid": "6512ccd8488cb28128c8e710"
  },
  "createdBy": {
    "$oid": "6512ccd8488cb28128c8e710"
  },
  "__v": 0,
  "group": {
    "$oid": "6526cb5a394444db0d6f25dc"
  }
},
{
  "_id": {
    "$oid": "6526cafe394444db0d6f255a"
  },
  "name": "Left Thigh X-ray",
  "isDeleted": false,
  "branchId": null,
  "updatedBy": {
    "$oid": "6512ccd8488cb28128c8e710"
  },
  "createdBy": {
    "$oid": "6512ccd8488cb28128c8e710"
  },
  "__v": 0,
  "group": {
    "$oid": "6526cc87394444db0d6f2679"
  }
},
{
  "_id": {
    "$oid": "6526cb03394444db0d6f2563"
  },
  "name": "Left Thigh Ultrasound",
  "isDeleted": false,
  "branchId": null,
  "updatedBy": {
    "$oid": "6512ccd8488cb28128c8e710"
  },
  "createdBy": {
    "$oid": "6512ccd8488cb28128c8e710"
  },
  "__v": 0,
  "group": {
    "$oid": "6526cc87394444db0d6f2679"
  }
},
{
  "_id": {
    "$oid": "6526cb0a394444db0d6f256c"
  },
  "name": "Left Thigh MRI",
  "isDeleted": false,
  "branchId": null,
  "updatedBy": {
    "$oid": "6512ccd8488cb28128c8e710"
  },
  "createdBy": {
    "$oid": "6512ccd8488cb28128c8e710"
  },
  "__v": 0,
  "group": {
    "$oid": "6526cc87394444db0d6f2679"
  }
},
{
  "_id": {
    "$oid": "6526cb10394444db0d6f2575"
  },
  "name": "Left Thigh CT",
  "isDeleted": false,
  "branchId": null,
  "updatedBy": {
    "$oid": "6512ccd8488cb28128c8e710"
  },
  "createdBy": {
    "$oid": "6512ccd8488cb28128c8e710"
  },
  "__v": 0,
  "group": {
    "$oid": "6526cc87394444db0d6f2679"
  }
},
{
  "_id": {
    "$oid": "6526cb16394444db0d6f257e"
  },
  "name": "Left Thigh Venography",
  "isDeleted": false,
  "branchId": null,
  "updatedBy": {
    "$oid": "6512ccd8488cb28128c8e710"
  },
  "createdBy": {
    "$oid": "6512ccd8488cb28128c8e710"
  },
  "__v": 0,
  "group": {
    "$oid": "6526cc87394444db0d6f2679"
  }
},
{
  "_id": {
    "$oid": "6526cb1a394444db0d6f2587"
  },
  "name": "Left Thigh DEXA Scan (Bone Density)",
  "isDeleted": false,
  "branchId": null,
  "updatedBy": {
    "$oid": "6512ccd8488cb28128c8e710"
  },
  "createdBy": {
    "$oid": "6512ccd8488cb28128c8e710"
  },
  "__v": 0,
  "group": {
    "$oid": "6526cc87394444db0d6f2679"
  }
},
{
  "_id": {
    "$oid": "6526cb20394444db0d6f2590"
  },
  "name": "Right Thigh X-ray",
  "isDeleted": false,
  "branchId": null,
  "updatedBy": {
    "$oid": "6512ccd8488cb28128c8e710"
  },
  "createdBy": {
    "$oid": "6512ccd8488cb28128c8e710"
  },
  "__v": 0,
  "group": {
    "$oid": "6526cc96394444db0d6f2689"
  }
},
{
  "_id": {
    "$oid": "6526cb25394444db0d6f2599"
  },
  "name": "Right Thigh Ultrasound",
  "isDeleted": false,
  "branchId": null,
  "updatedBy": {
    "$oid": "6512ccd8488cb28128c8e710"
  },
  "createdBy": {
    "$oid": "6512ccd8488cb28128c8e710"
  },
  "__v": 0,
  "group": {
    "$oid": "6526cc96394444db0d6f2689"
  }
},
{
  "_id": {
    "$oid": "6526cb2a394444db0d6f25a2"
  },
  "name": "Right Thigh MRI",
  "isDeleted": false,
  "branchId": null,
  "updatedBy": {
    "$oid": "6512ccd8488cb28128c8e710"
  },
  "createdBy": {
    "$oid": "6512ccd8488cb28128c8e710"
  },
  "__v": 0,
  "group": {
    "$oid": "6526cc96394444db0d6f2689"
  }
},
{
  "_id": {
    "$oid": "6526cb2f394444db0d6f25ab"
  },
  "name": "Right Thigh CT",
  "isDeleted": false,
  "branchId": null,
  "updatedBy": {
    "$oid": "6512ccd8488cb28128c8e710"
  },
  "createdBy": {
    "$oid": "6512ccd8488cb28128c8e710"
  },
  "__v": 0,
  "group": {
    "$oid": "6526cc96394444db0d6f2689"
  }
},
{
  "_id": {
    "$oid": "6526cb35394444db0d6f25b4"
  },
  "name": "Right Thigh Venography",
  "isDeleted": false,
  "branchId": null,
  "updatedBy": {
    "$oid": "6512ccd8488cb28128c8e710"
  },
  "createdBy": {
    "$oid": "6512ccd8488cb28128c8e710"
  },
  "__v": 0,
  "group": {
    "$oid": "6526cc96394444db0d6f2689"
  }
},
{
  "_id": {
    "$oid": "6526cb3a394444db0d6f25bd"
  },
  "name": "Right Thigh DEXA Scan (Bone Density)",
  "isDeleted": false,
  "branchId": null,
  "updatedBy": {
    "$oid": "6512ccd8488cb28128c8e710"
  },
  "createdBy": {
    "$oid": "6512ccd8488cb28128c8e710"
  },
  "__v": 0,
  "group": {
    "$oid": "6526cc96394444db0d6f2689"
  }
},
{
  "_id": {
    "$oid": "6526ccb2394444db0d6f2699"
  },
  "name": "Left Knee X-ray",
  "isDeleted": false,
  "branchId": null,
  "updatedBy": {
    "$oid": "6512ccd8488cb28128c8e710"
  },
  "createdBy": {
    "$oid": "6512ccd8488cb28128c8e710"
  },
  "__v": 0,
  "group": {
    "$oid": "6526cf25394444db0d6f281f"
  }
},
{
  "_id": {
    "$oid": "6526ccb7394444db0d6f26a2"
  },
  "name": "Left Knee Ultrasound",
  "isDeleted": false,
  "branchId": null,
  "updatedBy": {
    "$oid": "6512ccd8488cb28128c8e710"
  },
  "createdBy": {
    "$oid": "6512ccd8488cb28128c8e710"
  },
  "__v": 0,
  "group": {
    "$oid": "6526cf25394444db0d6f281f"
  }
},
{
  "_id": {
    "$oid": "6526ccbe394444db0d6f26ab"
  },
  "name": "Left Knee MRI",
  "isDeleted": false,
  "branchId": null,
  "updatedBy": {
    "$oid": "6512ccd8488cb28128c8e710"
  },
  "createdBy": {
    "$oid": "6512ccd8488cb28128c8e710"
  },
  "__v": 0,
  "group": {
    "$oid": "6526cf25394444db0d6f281f"
  }
},
{
  "_id": {
    "$oid": "6526ccc5394444db0d6f26b4"
  },
  "name": "Left Knee CT",
  "isDeleted": false,
  "branchId": null,
  "updatedBy": {
    "$oid": "6512ccd8488cb28128c8e710"
  },
  "createdBy": {
    "$oid": "6512ccd8488cb28128c8e710"
  },
  "__v": 0,
  "group": {
    "$oid": "6526cf25394444db0d6f281f"
  }
},
{
  "_id": {
    "$oid": "6526ccca394444db0d6f26bd"
  },
  "name": "Left Knee Venography",
  "isDeleted": false,
  "branchId": null,
  "updatedBy": {
    "$oid": "6512ccd8488cb28128c8e710"
  },
  "createdBy": {
    "$oid": "6512ccd8488cb28128c8e710"
  },
  "__v": 0,
  "group": {
    "$oid": "6526cf25394444db0d6f281f"
  }
},
{
  "_id": {
    "$oid": "6526ccd2394444db0d6f26c6"
  },
  "name": "Left Knee DEXA Scan (Bone Density)",
  "isDeleted": false,
  "branchId": null,
  "updatedBy": {
    "$oid": "6512ccd8488cb28128c8e710"
  },
  "createdBy": {
    "$oid": "6512ccd8488cb28128c8e710"
  },
  "__v": 0,
  "group": {
    "$oid": "6526cf25394444db0d6f281f"
  }
},
{
  "_id": {
    "$oid": "6526ccd8394444db0d6f26cf"
  },
  "name": "Right Knee X-ray",
  "isDeleted": false,
  "branchId": null,
  "updatedBy": {
    "$oid": "6512ccd8488cb28128c8e710"
  },
  "createdBy": {
    "$oid": "6512ccd8488cb28128c8e710"
  },
  "__v": 0,
  "group": {
    "$oid": "6526cf43394444db0d6f2830"
  }
},
{
  "_id": {
    "$oid": "6526ccdf394444db0d6f26d8"
  },
  "name": "Right Knee Ultrasound",
  "isDeleted": false,
  "branchId": null,
  "updatedBy": {
    "$oid": "6512ccd8488cb28128c8e710"
  },
  "createdBy": {
    "$oid": "6512ccd8488cb28128c8e710"
  },
  "__v": 0,
  "group": {
    "$oid": "6526cf43394444db0d6f2830"
  }
},
{
  "_id": {
    "$oid": "6526cce4394444db0d6f26e1"
  },
  "name": "Right Knee MRI",
  "isDeleted": false,
  "branchId": null,
  "updatedBy": {
    "$oid": "6512ccd8488cb28128c8e710"
  },
  "createdBy": {
    "$oid": "6512ccd8488cb28128c8e710"
  },
  "__v": 0,
  "group": {
    "$oid": "6526cf43394444db0d6f2830"
  }
},
{
  "_id": {
    "$oid": "6526cceb394444db0d6f26ea"
  },
  "name": "Right Knee CT",
  "isDeleted": false,
  "branchId": null,
  "updatedBy": {
    "$oid": "6512ccd8488cb28128c8e710"
  },
  "createdBy": {
    "$oid": "6512ccd8488cb28128c8e710"
  },
  "__v": 0,
  "group": {
    "$oid": "6526cf43394444db0d6f2830"
  }
},
{
  "_id": {
    "$oid": "6526ccf0394444db0d6f26f3"
  },
  "name": "Right Knee Venography",
  "isDeleted": false,
  "branchId": null,
  "updatedBy": {
    "$oid": "6512ccd8488cb28128c8e710"
  },
  "createdBy": {
    "$oid": "6512ccd8488cb28128c8e710"
  },
  "__v": 0,
  "group": {
    "$oid": "6526cf43394444db0d6f2830"
  }
},
{
  "_id": {
    "$oid": "6526ccf6394444db0d6f26fc"
  },
  "name": "Right Knee DEXA Scan (Bone Density)",
  "isDeleted": false,
  "branchId": null,
  "updatedBy": {
    "$oid": "6512ccd8488cb28128c8e710"
  },
  "createdBy": {
    "$oid": "6512ccd8488cb28128c8e710"
  },
  "__v": 0,
  "group": {
    "$oid": "6526cf43394444db0d6f2830"
  }
},
{
  "_id": {
    "$oid": "6526ccff394444db0d6f2705"
  },
  "name": "Left Ankle X-ray",
  "isDeleted": false,
  "branchId": null,
  "updatedBy": {
    "$oid": "6512ccd8488cb28128c8e710"
  },
  "createdBy": {
    "$oid": "6512ccd8488cb28128c8e710"
  },
  "__v": 0,
  "group": {
    "$oid": "6526cf5a394444db0d6f2840"
  }
},
{
  "_id": {
    "$oid": "6526cd04394444db0d6f270e"
  },
  "name": "Left Ankle Ultrasound",
  "isDeleted": false,
  "branchId": null,
  "updatedBy": {
    "$oid": "6512ccd8488cb28128c8e710"
  },
  "createdBy": {
    "$oid": "6512ccd8488cb28128c8e710"
  },
  "__v": 0,
  "group": {
    "$oid": "6526cf5a394444db0d6f2840"
  }
},
{
  "_id": {
    "$oid": "6526cd0b394444db0d6f2717"
  },
  "name": "Left Ankle MRI",
  "isDeleted": false,
  "branchId": null,
  "updatedBy": {
    "$oid": "6512ccd8488cb28128c8e710"
  },
  "createdBy": {
    "$oid": "6512ccd8488cb28128c8e710"
  },
  "__v": 0,
  "group": {
    "$oid": "6526cf5a394444db0d6f2840"
  }
},
{
  "_id": {
    "$oid": "6526cd13394444db0d6f2720"
  },
  "name": "Left Ankle CT",
  "isDeleted": false,
  "branchId": null,
  "updatedBy": {
    "$oid": "6512ccd8488cb28128c8e710"
  },
  "createdBy": {
    "$oid": "6512ccd8488cb28128c8e710"
  },
  "__v": 0,
  "group": {
    "$oid": "6526cf5a394444db0d6f2840"
  }
},
{
  "_id": {
    "$oid": "6526cd19394444db0d6f2729"
  },
  "name": "Left Ankle Venography",
  "isDeleted": false,
  "branchId": null,
  "updatedBy": {
    "$oid": "6512ccd8488cb28128c8e710"
  },
  "createdBy": {
    "$oid": "6512ccd8488cb28128c8e710"
  },
  "__v": 0,
  "group": {
    "$oid": "6526cf5a394444db0d6f2840"
  }
},
{
  "_id": {
    "$oid": "6526cd25394444db0d6f2739"
  },
  "name": "Left Ankle DEXA Scan (Bone Density)",
  "isDeleted": false,
  "branchId": null,
  "updatedBy": {
    "$oid": "6512ccd8488cb28128c8e710"
  },
  "createdBy": {
    "$oid": "6512ccd8488cb28128c8e710"
  },
  "__v": 0,
  "group": {
    "$oid": "6526cf5a394444db0d6f2840"
  }
},
{
  "_id": {
    "$oid": "6526cd2a394444db0d6f2742"
  },
  "name": "Right Ankle X-ray",
  "isDeleted": false,
  "branchId": null,
  "updatedBy": {
    "$oid": "6512ccd8488cb28128c8e710"
  },
  "createdBy": {
    "$oid": "6512ccd8488cb28128c8e710"
  },
  "__v": 0,
  "group": {
    "$oid": "6526cf6c394444db0d6f2853"
  }
},
{
  "_id": {
    "$oid": "6526cd30394444db0d6f274b"
  },
  "name": "Right Ankle Ultrasound",
  "isDeleted": false,
  "branchId": null,
  "updatedBy": {
    "$oid": "6512ccd8488cb28128c8e710"
  },
  "createdBy": {
    "$oid": "6512ccd8488cb28128c8e710"
  },
  "__v": 0,
  "group": {
    "$oid": "6526cf6c394444db0d6f2853"
  }
},
{
  "_id": {
    "$oid": "6526cd35394444db0d6f2754"
  },
  "name": "Right Ankle MRI",
  "isDeleted": false,
  "branchId": null,
  "updatedBy": {
    "$oid": "6512ccd8488cb28128c8e710"
  },
  "createdBy": {
    "$oid": "6512ccd8488cb28128c8e710"
  },
  "__v": 0,
  "group": {
    "$oid": "6526cf6c394444db0d6f2853"
  }
},
{
  "_id": {
    "$oid": "6526cd3b394444db0d6f275d"
  },
  "name": "Right Ankle CT",
  "isDeleted": false,
  "branchId": null,
  "updatedBy": {
    "$oid": "6512ccd8488cb28128c8e710"
  },
  "createdBy": {
    "$oid": "6512ccd8488cb28128c8e710"
  },
  "__v": 0,
  "group": {
    "$oid": "6526cf6c394444db0d6f2853"
  }
},
{
  "_id": {
    "$oid": "6526cd42394444db0d6f2766"
  },
  "name": "Right Ankle Venography",
  "isDeleted": false,
  "branchId": null,
  "updatedBy": {
    "$oid": "6512ccd8488cb28128c8e710"
  },
  "createdBy": {
    "$oid": "6512ccd8488cb28128c8e710"
  },
  "__v": 0,
  "group": {
    "$oid": "6526cf6c394444db0d6f2853"
  }
},
{
  "_id": {
    "$oid": "6526cd50394444db0d6f276f"
  },
  "name": "Right Ankle DEXA Scan (Bone Density)",
  "isDeleted": false,
  "branchId": null,
  "updatedBy": {
    "$oid": "6512ccd8488cb28128c8e710"
  },
  "createdBy": {
    "$oid": "6512ccd8488cb28128c8e710"
  },
  "__v": 0,
  "group": {
    "$oid": "6526cf6c394444db0d6f2853"
  }
},
{
  "_id": {
    "$oid": "6526ce01394444db0d6f278d"
  },
  "name": "Left Foot X-ray",
  "isDeleted": false,
  "branchId": null,
  "updatedBy": {
    "$oid": "6512ccd8488cb28128c8e710"
  },
  "createdBy": {
    "$oid": "6512ccd8488cb28128c8e710"
  },
  "__v": 0,
  "group": {
    "$oid": "6526cfbc394444db0d6f286f"
  }
},
{
  "_id": {
    "$oid": "6526ce06394444db0d6f2796"
  },
  "name": "Left Foot Ultrasound",
  "isDeleted": false,
  "branchId": null,
  "updatedBy": {
    "$oid": "6512ccd8488cb28128c8e710"
  },
  "createdBy": {
    "$oid": "6512ccd8488cb28128c8e710"
  },
  "__v": 0,
  "group": {
    "$oid": "6526cfbc394444db0d6f286f"
  }
},
{
  "_id": {
    "$oid": "6526ce0a394444db0d6f279f"
  },
  "name": "Left Foot MRI",
  "isDeleted": false,
  "branchId": null,
  "updatedBy": {
    "$oid": "6512ccd8488cb28128c8e710"
  },
  "createdBy": {
    "$oid": "6512ccd8488cb28128c8e710"
  },
  "__v": 0,
  "group": {
    "$oid": "6526cfbc394444db0d6f286f"
  }
},
{
  "_id": {
    "$oid": "6526ce11394444db0d6f27a8"
  },
  "name": "Left Foot CT",
  "isDeleted": false,
  "branchId": null,
  "updatedBy": {
    "$oid": "6512ccd8488cb28128c8e710"
  },
  "createdBy": {
    "$oid": "6512ccd8488cb28128c8e710"
  },
  "__v": 0,
  "group": {
    "$oid": "6526cfbc394444db0d6f286f"
  }
},
{
  "_id": {
    "$oid": "6526ce16394444db0d6f27b1"
  },
  "name": "Left Foot Venography",
  "isDeleted": false,
  "branchId": null,
  "updatedBy": {
    "$oid": "6512ccd8488cb28128c8e710"
  },
  "createdBy": {
    "$oid": "6512ccd8488cb28128c8e710"
  },
  "__v": 0,
  "group": {
    "$oid": "6526cfbc394444db0d6f286f"
  }
},
{
  "_id": {
    "$oid": "6526ce1d394444db0d6f27ba"
  },
  "name": "Left Foot DEXA Scan (Bone Density)",
  "isDeleted": false,
  "branchId": null,
  "updatedBy": {
    "$oid": "6512ccd8488cb28128c8e710"
  },
  "createdBy": {
    "$oid": "6512ccd8488cb28128c8e710"
  },
  "__v": 0,
  "group": {
    "$oid": "6526cfbc394444db0d6f286f"
  }
},
{
  "_id": {
    "$oid": "6526ce22394444db0d6f27c3"
  },
  "name": "Right Foot X-ray",
  "isDeleted": false,
  "branchId": null,
  "updatedBy": {
    "$oid": "6512ccd8488cb28128c8e710"
  },
  "createdBy": {
    "$oid": "6512ccd8488cb28128c8e710"
  },
  "__v": 0,
  "group": {
    "$oid": "6526cfc7394444db0d6f287f"
  }
},
{
  "_id": {
    "$oid": "6526ce27394444db0d6f27cc"
  },
  "name": "Right Foot Ultrasound",
  "isDeleted": false,
  "branchId": null,
  "updatedBy": {
    "$oid": "6512ccd8488cb28128c8e710"
  },
  "createdBy": {
    "$oid": "6512ccd8488cb28128c8e710"
  },
  "__v": 0,
  "group": {
    "$oid": "6526cfc7394444db0d6f287f"
  }
},
{
  "_id": {
    "$oid": "6526ce2b394444db0d6f27d5"
  },
  "name": "Right Foot MRI",
  "isDeleted": false,
  "branchId": null,
  "updatedBy": {
    "$oid": "6512ccd8488cb28128c8e710"
  },
  "createdBy": {
    "$oid": "6512ccd8488cb28128c8e710"
  },
  "__v": 0,
  "group": {
    "$oid": "6526cfc7394444db0d6f287f"
  }
},
{
  "_id": {
    "$oid": "6526ce31394444db0d6f27de"
  },
  "name": "Right Foot CT",
  "isDeleted": false,
  "branchId": null,
  "updatedBy": {
    "$oid": "6512ccd8488cb28128c8e710"
  },
  "createdBy": {
    "$oid": "6512ccd8488cb28128c8e710"
  },
  "__v": 0,
  "group": {
    "$oid": "6526cfc7394444db0d6f287f"
  }
},
{
  "_id": {
    "$oid": "6526ce36394444db0d6f27e7"
  },
  "name": "Right Foot Venography",
  "isDeleted": false,
  "branchId": null,
  "updatedBy": {
    "$oid": "6512ccd8488cb28128c8e710"
  },
  "createdBy": {
    "$oid": "6512ccd8488cb28128c8e710"
  },
  "__v": 0,
  "group": {
    "$oid": "6526cfc7394444db0d6f287f"
  }
},
{
  "_id": {
    "$oid": "6526ce3b394444db0d6f27f0"
  },
  "name": "Right Foot DEXA Scan (Bone Density)",
  "isDeleted": false,
  "branchId": null,
  "updatedBy": {
    "$oid": "6512ccd8488cb28128c8e710"
  },
  "createdBy": {
    "$oid": "6512ccd8488cb28128c8e710"
  },
  "__v": 0,
  "group": {
    "$oid": "6526cfc7394444db0d6f287f"
  }
},
{
  "_id": {
    "$oid": "6629fc5e21281164655c699a"
  },
  "name": "Some Test Exam",
  "isDeleted": true,
  "branchId": {
    "$oid": "661cce55dbc8829ef27bbab3"
  },
  "updatedBy": {
    "$oid": "64eee4725c5f1221fa718db3"
  },
  "createdBy": {
    "$oid": "64eee4725c5f1221fa718db3"
  },
  "modality": [
    {
      "decription": "Autorefraction)",
      "term": "AR",
      "_id": {
        "$oid": "661cf849abd9846ccf106e95"
      }
    },
    {
      "decription": "Content Assessment Results",
      "term": "ASMT",
      "_id": {
        "$oid": "661cf88cb68b086fdb3a74a7"
      }
    },
    {
      "decription": "Audio",
      "term": "AU",
      "_id": {
        "$oid": "6627969910bc18bf0f510775"
      }
    }
  ],
  "__v": 0
},
{
  "_id": {
    "$oid": "662a01ba21281164655c6a74"
  },
  "name": "Rajesh",
  "isDeleted": true,
  "branchId": {
    "$oid": "661cce55dbc8829ef27bbab3"
  },
  "updatedBy": {
    "$oid": "64eee4725c5f1221fa718db3"
  },
  "createdBy": {
    "$oid": "64eee4725c5f1221fa718db3"
  },
  "modality": [],
  "__v": 0
},
{
  "_id": {
    "$oid": "662a02db21281164655c6aca"
  },
  "name": "rSafe API",
  "isDeleted": false,
  "branchId": {
    "$oid": "661cce55dbc8829ef27bbab3"
  },
  "updatedBy": {
    "$oid": "64eee4725c5f1221fa718db3"
  },
  "createdBy": {
    "$oid": "64eee4725c5f1221fa718db3"
  },
  "modality": [
    {
      "decription": "Autorefraction)",
      "term": "AR",
      "_id": {
        "$oid": "661cf849abd9846ccf106e95"
      }
    }
  ],
  "__v": 0
}]