[{
  "_id": {
    "$oid": "661cf849abd9846ccf106e95"
  },
  "term": "AR",
  "decription": "Autorefraction)",
  "isDeleted": false,
  "__v": 0
},
{
  "_id": {
    "$oid": "661cf88cb68b086fdb3a74a7"
  },
  "term": "ASMT",
  "decription": "Content Assessment Results",
  "isDeleted": false,
  "__v": 0
},
{
  "_id": {
    "$oid": "6627969910bc18bf0f510775"
  },
  "term": "AU",
  "decription": "Audio",
  "isDeleted": false,
  "__v": 0
},
{
  "_id": {
    "$oid": "662797a510bc18bf0f51077e"
  },
  "term": "BDUS",
  "decription": "Bone Densitometry (ultrasound)",
  "isDeleted": false,
  "__v": 0
},
{
  "_id": {
    "$oid": "6627986d10bc18bf0f510785"
  },
  "term": "BI",
  "decription": "Biomagnetic imaging",
  "isDeleted": false,
  "__v": 0
},
{
  "_id": {
    "$oid": "6627988910bc18bf0f51078c"
  },
  "term": "BMD",
  "decription": "Bone Densitometry (X-Ray)",
  "isDeleted": false,
  "__v": 0
},
{
  "_id": {
    "$oid": "6627989810bc18bf0f510793"
  },
  "term": "CR",
  "decription": "Computed Radiography",
  "isDeleted": false,
  "__v": 0
},
{
  "_id": {
    "$oid": "662798aa10bc18bf0f51079a"
  },
  "term": "CT",
  "decription": "Computed Tomography",
  "isDeleted": false,
  "__v": 0
},
{
  "_id": {
    "$oid": "662798c510bc18bf0f5107a1"
  },
  "term": "CTPROTOCOL",
  "decription": "CT Protocol (Performed)",
  "isDeleted": false,
  "__v": 0
},
{
  "_id": {
    "$oid": "662798d510bc18bf0f5107a8"
  },
  "term": "DMS",
  "decription": "Dermoscopy",
  "isDeleted": false,
  "__v": 0
},
{
  "_id": {
    "$oid": "662798e610bc18bf0f5107af"
  },
  "term": "DG",
  "decription": "Diaphanography",
  "isDeleted": false,
  "__v": 0
},
{
  "_id": {
    "$oid": "6627990610bc18bf0f5107b8"
  },
  "term": "DOC",
  "decription": "Document",
  "isDeleted": true,
  "__v": 0
},
{
  "_id": {
    "$oid": "6627991b10bc18bf0f5107bf"
  },
  "term": "DX",
  "decription": "Digital Radiography",
  "isDeleted": true,
  "__v": 0
},
{
  "_id": {
    "$oid": "66279ffc10bc18bf0f5107ec"
  },
  "term": "DOC",
  "decription": "Document",
  "isDeleted": false,
  "__v": 0
},
{
  "_id": {
    "$oid": "6627a01110bc18bf0f5107f5"
  },
  "term": "DX",
  "decription": "Digital Radiography",
  "isDeleted": false,
  "__v": 0
},
{
  "_id": {
    "$oid": "6627a02510bc18bf0f5107fc"
  },
  "term": "ECG",
  "decription": "Electrocardiography",
  "isDeleted": false,
  "__v": 0
},
{
  "_id": {
    "$oid": "6627a03410bc18bf0f510803"
  },
  "term": "EEG",
  "decription": "Electroencephalography",
  "isDeleted": false,
  "__v": 0
},
{
  "_id": {
    "$oid": "6627a04310bc18bf0f51080a"
  },
  "term": "EMG",
  "decription": "Electromyography",
  "isDeleted": false,
  "__v": 0
},
{
  "_id": {
    "$oid": "6627a05110bc18bf0f510811"
  },
  "term": "EOG",
  "decription": "Electrooculography",
  "isDeleted": false,
  "__v": 0
},
{
  "_id": {
    "$oid": "6627a05e10bc18bf0f510818"
  },
  "term": "EPS",
  "decription": "Cardiac Electrophysiology",
  "isDeleted": false,
  "__v": 0
},
{
  "_id": {
    "$oid": "6627a06c10bc18bf0f51081f"
  },
  "term": "ES",
  "decription": "Endoscopy",
  "isDeleted": false,
  "__v": 0
},
{
  "_id": {
    "$oid": "6627a07c10bc18bf0f510826"
  },
  "term": "FID",
  "decription": "Fiducials",
  "isDeleted": false,
  "__v": 0
},
{
  "_id": {
    "$oid": "6627a08c10bc18bf0f51082d"
  },
  "term": "GM",
  "decription": "General Microscopy",
  "isDeleted": false,
  "__v": 0
},
{
  "_id": {
    "$oid": "6627a09f10bc18bf0f510834"
  },
  "term": "HC",
  "decription": "Hard Copy",
  "isDeleted": false,
  "__v": 0
},
{
  "_id": {
    "$oid": "6627a0b010bc18bf0f51083b"
  },
  "term": "HD",
  "decription": "Hemodynamic Waveform",
  "isDeleted": false,
  "__v": 0
},
{
  "_id": {
    "$oid": "6627a0cc10bc18bf0f510842"
  },
  "term": "IO",
  "decription": "Intra-Oral Radiography",
  "isDeleted": false,
  "__v": 0
},
{
  "_id": {
    "$oid": "6627a0df10bc18bf0f510849"
  },
  "term": "IOL",
  "decription": "Intraocular Lens Data",
  "isDeleted": false,
  "__v": 0
},
{
  "_id": {
    "$oid": "6627a37810bc18bf0f510852"
  },
  "term": "IVOCT",
  "decription": "Intravascular Optical Coherence Tomography",
  "isDeleted": false,
  "__v": 0
},
{
  "_id": {
    "$oid": "6627a38b10bc18bf0f510859"
  },
  "term": "IVUS",
  "decription": "Intravascular Ultrasound",
  "isDeleted": false,
  "__v": 0
},
{
  "_id": {
    "$oid": "6627a39d10bc18bf0f510860"
  },
  "term": "KER",
  "decription": "Keratometry",
  "isDeleted": false,
  "__v": 0
},
{
  "_id": {
    "$oid": "6627a3ad10bc18bf0f510867"
  },
  "term": "KO",
  "decription": "Key Object Selection",
  "isDeleted": false,
  "__v": 0
},
{
  "_id": {
    "$oid": "6627a3ba10bc18bf0f51086e"
  },
  "term": "LEN",
  "decription": "Lensometry",
  "isDeleted": false,
  "__v": 0
},
{
  "_id": {
    "$oid": "6627a3c710bc18bf0f510875"
  },
  "term": "LS",
  "decription": "Laser surface scan",
  "isDeleted": false,
  "__v": 0
},
{
  "_id": {
    "$oid": "6627a3d410bc18bf0f51087c"
  },
  "term": "MG",
  "decription": "Mammography",
  "isDeleted": false,
  "__v": 0
},
{
  "_id": {
    "$oid": "6627a3e210bc18bf0f510883"
  },
  "term": "MR",
  "decription": "Magnetic Resonance",
  "isDeleted": false,
  "__v": 0
},
{
  "_id": {
    "$oid": "6627a3f010bc18bf0f51088a"
  },
  "term": "M3D",
  "decription": "Model for 3D Manufacturing",
  "isDeleted": false,
  "__v": 0
},
{
  "_id": {
    "$oid": "6627a40010bc18bf0f510891"
  },
  "term": "NM",
  "decription": "Nuclear Medicine",
  "isDeleted": false,
  "__v": 0
},
{
  "_id": {
    "$oid": "6627a40d10bc18bf0f510898"
  },
  "term": "OAM",
  "decription": "Ophthalmic Axial Measurements",
  "isDeleted": false,
  "__v": 0
},
{
  "_id": {
    "$oid": "6627a41e10bc18bf0f51089f"
  },
  "term": "OCT",
  "decription": "Optical Coherence Tomography (non-Ophthalmic)",
  "isDeleted": false,
  "__v": 0
},
{
  "_id": {
    "$oid": "6627a43510bc18bf0f5108a6"
  },
  "term": "OP",
  "decription": "Ophthalmic Photography",
  "isDeleted": false,
  "__v": 0
},
{
  "_id": {
    "$oid": "6627a45910bc18bf0f5108ad"
  },
  "term": "OPM",
  "decription": "Ophthalmic Mapping",
  "isDeleted": false,
  "__v": 0
},
{
  "_id": {
    "$oid": "6627a71d10bc18bf0f5108b4"
  },
  "term": "OPT",
  "decription": "Ophthalmic Tomography",
  "isDeleted": false,
  "__v": 0
},
{
  "_id": {
    "$oid": "6627a73210bc18bf0f5108bd"
  },
  "term": "OPTBSV",
  "decription": "Ophthalmic Tomography B-scan Volume Analysis",
  "isDeleted": false,
  "__v": 0
},
{
  "_id": {
    "$oid": "6627a74510bc18bf0f5108c4"
  },
  "term": "OPTENF",
  "decription": "Ophthalmic Tomography En Face",
  "isDeleted": false,
  "__v": 0
},
{
  "_id": {
    "$oid": "6627a75210bc18bf0f5108cb"
  },
  "term": "OPV",
  "decription": "Ophthalmic Visual Field",
  "isDeleted": false,
  "__v": 0
},
{
  "_id": {
    "$oid": "6627a75f10bc18bf0f5108d2"
  },
  "term": "OSS",
  "decription": "Optical Surface Scan",
  "isDeleted": false,
  "__v": 0
},
{
  "_id": {
    "$oid": "6627a77010bc18bf0f5108d9"
  },
  "term": "OT",
  "decription": "Other",
  "isDeleted": false,
  "__v": 0
},
{
  "_id": {
    "$oid": "6627a88110bc18bf0f5108e2"
  },
  "term": "PLAN",
  "decription": "Plan",
  "isDeleted": false,
  "__v": 0
},
{
  "_id": {
    "$oid": "6627a88d10bc18bf0f5108e9"
  },
  "term": "POS",
  "decription": "Position Sensor",
  "isDeleted": false,
  "__v": 0
},
{
  "_id": {
    "$oid": "6627a89d10bc18bf0f5108f0"
  },
  "term": "PR",
  "decription": "Presentation State",
  "isDeleted": false,
  "__v": 0
},
{
  "_id": {
    "$oid": "6627a8b110bc18bf0f5108f7"
  },
  "term": "PT",
  "decription": "Positron emission tomography (PET)",
  "isDeleted": false,
  "__v": 0
},
{
  "_id": {
    "$oid": "6627a8c210bc18bf0f5108fe"
  },
  "term": "PX",
  "decription": "Panoramic X-Ray",
  "isDeleted": false,
  "__v": 0
},
{
  "_id": {
    "$oid": "6627a8ce10bc18bf0f510905"
  },
  "term": "REG",
  "decription": "Registration",
  "isDeleted": false,
  "__v": 0
},
{
  "_id": {
    "$oid": "6627a96010bc18bf0f51090e"
  },
  "term": "RESP",
  "decription": "Respiratory Waveform",
  "isDeleted": false,
  "__v": 0
},
{
  "_id": {
    "$oid": "6627a96d10bc18bf0f510915"
  },
  "term": "RF",
  "decription": "Radio Fluoroscopy",
  "isDeleted": false,
  "__v": 0
},
{
  "_id": {
    "$oid": "6627a98010bc18bf0f51091c"
  },
  "term": "RG",
  "decription": "Radiographic imaging (conventional film/screen)",
  "isDeleted": false,
  "__v": 0
},
{
  "_id": {
    "$oid": "6627a98d10bc18bf0f510923"
  },
  "term": "RTDOSE",
  "decription": "Radiotherapy Dose",
  "isDeleted": false,
  "__v": 0
},
{
  "_id": {
    "$oid": "6627a99b10bc18bf0f51092a"
  },
  "term": "RTIMAGE",
  "decription": "Radiotherapy Image",
  "isDeleted": false,
  "__v": 0
},
{
  "_id": {
    "$oid": "6627abdb10bc18bf0f510933"
  },
  "term": "RTINTENT",
  "decription": "Radiotherapy Intent",
  "isDeleted": false,
  "__v": 0
},
{
  "_id": {
    "$oid": "6627abec10bc18bf0f51093a"
  },
  "term": "RTPLAN",
  "decription": "Radiotherapy Plan",
  "isDeleted": false,
  "__v": 0
},
{
  "_id": {
    "$oid": "6627abfc10bc18bf0f510941"
  },
  "term": "RTRAD",
  "decription": "RT Radiation",
  "isDeleted": false,
  "__v": 0
},
{
  "_id": {
    "$oid": "6627ac0a10bc18bf0f510948"
  },
  "term": "RTRECORD",
  "decription": "RT Treatment Record",
  "isDeleted": false,
  "__v": 0
},
{
  "_id": {
    "$oid": "6627ac1c10bc18bf0f51094f"
  },
  "term": "RTSEGANN",
  "decription": "Radiotherapy Segment Annotation",
  "isDeleted": false,
  "__v": 0
},
{
  "_id": {
    "$oid": "6627ac3210bc18bf0f510956"
  },
  "term": "RTSTRUCT",
  "decription": "Radiotherapy Structure Set",
  "isDeleted": false,
  "__v": 0
},
{
  "_id": {
    "$oid": "6627ac4110bc18bf0f51095d"
  },
  "term": "RWV",
  "decription": "Real World Value Map",
  "isDeleted": false,
  "__v": 0
},
{
  "_id": {
    "$oid": "6627ac5310bc18bf0f510964"
  },
  "term": "SEG",
  "decription": "Segmentation",
  "isDeleted": false,
  "__v": 0
},
{
  "_id": {
    "$oid": "6627ac6310bc18bf0f51096b"
  },
  "term": "SM",
  "decription": "Slide Microscopy",
  "isDeleted": false,
  "__v": 0
},
{
  "_id": {
    "$oid": "6627ac7a10bc18bf0f510972"
  },
  "term": "SMR",
  "decription": "Stereometric Relationship",
  "isDeleted": false,
  "__v": 0
},
{
  "_id": {
    "$oid": "6627ac8910bc18bf0f510979"
  },
  "term": "SR",
  "decription": "SR Document",
  "isDeleted": false,
  "__v": 0
},
{
  "_id": {
    "$oid": "6627ac9810bc18bf0f510980"
  },
  "term": "SRF",
  "decription": "Subjective Refraction",
  "isDeleted": false,
  "__v": 0
},
{
  "_id": {
    "$oid": "6627aca810bc18bf0f510987"
  },
  "term": "STAIN",
  "decription": "Automated Slide Stainer",
  "isDeleted": false,
  "__v": 0
},
{
  "_id": {
    "$oid": "6627acbb10bc18bf0f51098e"
  },
  "term": "TEXTUREMAP",
  "decription": "Texture Map",
  "isDeleted": false,
  "__v": 0
},
{
  "_id": {
    "$oid": "6627accb10bc18bf0f510995"
  },
  "term": "TG",
  "decription": "Thermography",
  "isDeleted": false,
  "__v": 0
},
{
  "_id": {
    "$oid": "6627acda10bc18bf0f51099c"
  },
  "term": "US",
  "decription": "Ultrasound",
  "isDeleted": false,
  "__v": 0
},
{
  "_id": {
    "$oid": "6627ace710bc18bf0f5109a3"
  },
  "term": "VA",
  "decription": "Visual Acuity",
  "isDeleted": false,
  "__v": 0
},
{
  "_id": {
    "$oid": "6627acfd10bc18bf0f5109aa"
  },
  "term": "XA",
  "decription": "X-Ray Angiography",
  "isDeleted": false,
  "__v": 0
},
{
  "_id": {
    "$oid": "6627ad0f10bc18bf0f5109b1"
  },
  "term": "XAPROTOCOL",
  "decription": "XA Protocol (Performed)",
  "isDeleted": false,
  "__v": 0
},
{
  "_id": {
    "$oid": "6627ad2510bc18bf0f5109b8"
  },
  "term": "XC",
  "decription": "External-camera Photography",
  "isDeleted": false,
  "__v": 0
}]